path,score
AM152.jpg,83
CM416.jpg,41
AM1970.jpg,68
AF276.jpg,29
AF597.jpg,48
AM804.jpg,46
AF1386.jpg,49
CF595.jpg,76
AF1930.jpg,68
AF1628.jpg,78
AM1607.jpg,49
CM441.jpg,41
CF107.jpg,71
CF497.jpg,48
AM1030.jpg,41
AM309.jpg,42
CF218.jpg,49
AF1637.jpg,75
CF625.jpg,75
AM1969.jpg,68
AM1011.jpg,44
AF375.jpg,33
CF717.jpg,61
CF110.jpg,42
AF882.jpg,79
AF1134.jpg,59
CF707.jpg,85
CF181.jpg,45
AM228.jpg,38
AF1394.jpg,58
CM400.jpg,36
AM1918.jpg,54
AM692.jpg,36
AM937.jpg,43
AF37.jpg,30
AF982.jpg,48
CM84.jpg,43
AM1073.jpg,31
AM1779.jpg,68
CF22.jpg,67
AM1336.jpg,39
AF948.jpg,45
AF1477.jpg,78
AM1019.jpg,43
AM1943.jpg,58
AF523.jpg,36
AF52.jpg,29
CF48.jpg,44
AM1504.jpg,41
AM530.jpg,41
AF171.jpg,50
CM492.jpg,34
CF217.jpg,70
AF673.jpg,53
AF1617.jpg,66
AF925.jpg,34
CF350.jpg,39
AF1903.jpg,77
CF38.jpg,78
AF235.jpg,42
CM379.jpg,41
AM513.jpg,42
AM282.jpg,18
AM828.jpg,40
AM1896.jpg,56
CM329.jpg,37
CM703.jpg,78
AF718.jpg,42
AF1372.jpg,54
AM1153.jpg,34
AM1411.jpg,43
CM615.jpg,51
AM1625.jpg,60
CM378.jpg,63
AM148.jpg,78
AM1644.jpg,77
AF463.jpg,34
AM1274.jpg,41
AF348.jpg,36
AM68.jpg,76
CF66.jpg,45
CF338.jpg,45
CF737.jpg,73
CF300.jpg,31
AM1894.jpg,86
CF563.jpg,79
AM1606.jpg,84
AM495.jpg,27
AM403.jpg,46
AM1363.jpg,18
CM151.jpg,30
AM1740.jpg,78
AM553.jpg,44
AM1079.jpg,34
AF1752.jpg,78
AF641.jpg,38
AM640.jpg,47
AM1264.jpg,50
CF491.jpg,29
AM1964.jpg,85
AM24.jpg,54
AF28.jpg,32
AM249.jpg,36
AM906.jpg,44
AF682.jpg,72
CF346.jpg,43
AM983.jpg,41
AM1672.jpg,50
AM1107.jpg,28
CF593.jpg,70
AM1432.jpg,44
AF69.jpg,45
CM634.jpg,76
AM529.jpg,57
AM951.jpg,31
AF1071.jpg,54
AM1065.jpg,29
CF155.jpg,30
AM1663.jpg,38
AF1125.jpg,44
CF645.jpg,72
AM303.jpg,27
AM1215.jpg,33
AM1667.jpg,81
CM576.jpg,46
CF136.jpg,37
AF1778.jpg,28
AM1806.jpg,45
AF370.jpg,39
AM591.jpg,45
AF1530.jpg,63
AM1927.jpg,71
AF189.jpg,36
AF1557.jpg,64
AM1474.jpg,34
AF222.jpg,40
AF686.jpg,41
AM1058.jpg,43
AM487.jpg,30
AM111.jpg,7
AF1491.jpg,80
CF452.jpg,51
AF766.jpg,37
AM660.jpg,23
CM386.jpg,41
AM728.jpg,43
CF667.jpg,74
AF1118.jpg,22
AM686.jpg,46
AF801.jpg,41
AM1603.jpg,81
CF298.jpg,49
CM328.jpg,29
AF580.jpg,43
CM570.jpg,52
AM510.jpg,43
CM19.jpg,66
AM708.jpg,25
AM898.jpg,35
AF1806.jpg,78
AM1071.jpg,29
AM1379.jpg,37
AF688.jpg,16
AM766.jpg,41
AF1937.jpg,55
CF307.jpg,61
AF1713.jpg,70
CM701.jpg,76
AM1333.jpg,39
AM112.jpg,79
CF283.jpg,46
AF941.jpg,14
AM759.jpg,50
AM780.jpg,46
AM1803.jpg,43
CF93.jpg,66
AM976.jpg,24
CF10.jpg,64
AM1486.jpg,40
CM494.jpg,39
AM1866.jpg,56
AM383.jpg,48
AF1887.jpg,73
CM632.jpg,34
CM617.jpg,45
CF457.jpg,40
AM1794.jpg,41
AM1697.jpg,81
CF88.jpg,50
AF1154.jpg,78
CM218.jpg,48
CM150.jpg,49
AM535.jpg,31
AF614.jpg,51
CF293.jpg,55
CM533.jpg,41
AM1406.jpg,43
CF211.jpg,36
AF1969.jpg,53
AF1984.jpg,34
CF387.jpg,36
AF730.jpg,38
CF314.jpg,24
CF60.jpg,45
AM965.jpg,50
AM187.jpg,74
AM1577.jpg,42
AF1432.jpg,56
AF1285.jpg,74
AM980.jpg,33
AF1837.jpg,87
AM841.jpg,39
AM1115.jpg,40
AM1614.jpg,78
AM1265.jpg,28
AF1489.jpg,53
CM99.jpg,42
AM1211.jpg,28
AM297.jpg,30
AF1097.jpg,37
AM1282.jpg,27
AF555.jpg,45
AF934.jpg,72
CF89.jpg,80
CF69.jpg,50
AF1521.jpg,67
AM914.jpg,38
AM1310.jpg,41
CF100.jpg,29
AF745.jpg,46
CM139.jpg,38
AF414.jpg,34
AF619.jpg,50
CM135.jpg,42
AF385.jpg,38
CF428.jpg,40
AF300.jpg,80
AF1403.jpg,82
AM1457.jpg,39
CF158.jpg,36
AF746.jpg,57
CF520.jpg,60
CM145.jpg,30
AM549.jpg,24
CF543.jpg,43
CM480.jpg,48
AF991.jpg,45
AF1137.jpg,43
AF55.jpg,32
AF282.jpg,40
AF582.jpg,71
CM559.jpg,34
CM501.jpg,43
AF1657.jpg,58
AF1854.jpg,56
AF190.jpg,27
AF1288.jpg,58
AF259.jpg,26
AM1857.jpg,69
AF1218.jpg,59
AM1082.jpg,29
AF740.jpg,41
AF479.jpg,39
AF355.jpg,43
AF1476.jpg,82
CF662.jpg,77
AF1866.jpg,12
AM1275.jpg,36
CF511.jpg,27
AM1294.jpg,36
CM80.jpg,36
AM1949.jpg,61
CF74.jpg,34
CF468.jpg,42
AF536.jpg,22
AF583.jpg,38
AF1381.jpg,66
AF1809.jpg,47
AM1225.jpg,35
CM655.jpg,79
AM794.jpg,39
AM1536.jpg,41
AF928.jpg,78
CM30.jpg,79
CM418.jpg,34
AM1859.jpg,49
AM1018.jpg,48
AM212.jpg,40
AM278.jpg,39
AF274.jpg,49
AM571.jpg,36
CF87.jpg,27
AF950.jpg,65
AF1847.jpg,60
AM471.jpg,36
AF1870.jpg,50
CM451.jpg,38
AF1303.jpg,69
AM1126.jpg,36
AF33.jpg,43
AM1056.jpg,43
CF723.jpg,59
AM587.jpg,46
AM1078.jpg,37
AM613.jpg,42
AM1440.jpg,35
CF92.jpg,51
AF731.jpg,74
AM1164.jpg,43
AM629.jpg,48
AF165.jpg,41
AM1912.jpg,49
AM1022.jpg,25
AM697.jpg,50
AM999.jpg,35
AF1608.jpg,58
CF242.jpg,88
AF1735.jpg,72
AM1507.jpg,39
AF645.jpg,45
AF800.jpg,26
CF295.jpg,70
AF853.jpg,39
AF1919.jpg,76
AM527.jpg,42
AM1637.jpg,56
CM209.jpg,44
AF907.jpg,28
AM1122.jpg,31
AM1092.jpg,62
AF1302.jpg,66
CM124.jpg,43
AF605.jpg,42
AF1078.jpg,62
AM633.jpg,44
AF1665.jpg,66
AF1739.jpg,33
AF1405.jpg,78
AM668.jpg,43
AF1132.jpg,56
CM234.jpg,83
AM592.jpg,63
CF539.jpg,45
CM382.jpg,44
AM1219.jpg,54
AM982.jpg,43
AF1745.jpg,50
AM1143.jpg,34
AM407.jpg,35
CM359.jpg,50
AF782.jpg,46
AF1410.jpg,56
AM736.jpg,41
CM474.jpg,43
AM40.jpg,80
AM1463.jpg,30
CM222.jpg,50
AM1137.jpg,50
AF841.jpg,36
AM1206.jpg,32
CF506.jpg,53
AM1086.jpg,56
AM606.jpg,40
AF493.jpg,46
AF1762.jpg,70
AF1101.jpg,70
AF62.jpg,41
AM10.jpg,5
AF484.jpg,66
AM1461.jpg,67
AF487.jpg,40
AF885.jpg,81
AM716.jpg,43
CM713.jpg,81
CF682.jpg,82
AM844.jpg,39
CF326.jpg,53
CF175.jpg,43
AM1755.jpg,54
AF1633.jpg,17
CM405.jpg,54
AF1457.jpg,74
AM306.jpg,52
AM1514.jpg,47
AF1453.jpg,5
AF1195.jpg,61
CM520.jpg,45
CF86.jpg,42
CM331.jpg,50
AM1227.jpg,35
AM1592.jpg,70
AF406.jpg,40
AF1473.jpg,46
CM103.jpg,55
AM88.jpg,65
AM1673.jpg,66
CF591.jpg,81
AF96.jpg,53
AM1864.jpg,75
AM1426.jpg,28
AM742.jpg,43
AM29.jpg,65
AF1166.jpg,69
AF1279.jpg,79
CM37.jpg,44
AM836.jpg,46
AM508.jpg,54
AM1994.jpg,76
AF343.jpg,48
AM1726.jpg,65
AF713.jpg,39
CM128.jpg,33
AF1564.jpg,75
AF1105.jpg,19
AF1546.jpg,74
AM490.jpg,40
AF1581.jpg,78
AM1327.jpg,42
AM1331.jpg,42
AM923.jpg,28
AM1595.jpg,74
CM625.jpg,50
CM744.jpg,69
AM399.jpg,48
AM460.jpg,57
CF644.jpg,73
CM722.jpg,83
AF1613.jpg,75
AF237.jpg,48
AF978.jpg,27
AF886.jpg,32
AM1034.jpg,32
AM628.jpg,42
CF186.jpg,36
AF1968.jpg,21
AM1548.jpg,35
AF287.jpg,18
CM310.jpg,50
CF185.jpg,45
AF559.jpg,50
AF1383.jpg,27
CF445.jpg,49
AM118.jpg,80
AM165.jpg,43
AM858.jpg,46
CM130.jpg,50
AF1890.jpg,5
AF1336.jpg,70
AM67.jpg,62
AM48.jpg,76
AF1318.jpg,78
CM372.jpg,41
CF391.jpg,64
AM824.jpg,37
AF499.jpg,53
AF268.jpg,58
CM489.jpg,44
CF701.jpg,75
CM387.jpg,41
CF531.jpg,43
AF868.jpg,32
CF651.jpg,74
AM1482.jpg,30
AM1287.jpg,35
AF407.jpg,57
CM478.jpg,53
AM705.jpg,47
AF1862.jpg,51
CM278.jpg,68
AM1001.jpg,33
AF1323.jpg,48
AF91.jpg,45
AF1671.jpg,63
AF193.jpg,29
AM1720.jpg,75
AF147.jpg,34
AM1150.jpg,31
AM1295.jpg,32
AM119.jpg,71
AF1656.jpg,76
AM554.jpg,41
CM472.jpg,47
CM50.jpg,52
AM233.jpg,46
AF1944.jpg,56
AF849.jpg,42
AF1696.jpg,75
AM1131.jpg,34
AF1974.jpg,42
AF940.jpg,58
AM1140.jpg,40
CM172.jpg,62
AM1338.jpg,36
AM920.jpg,32
AF1523.jpg,70
AM1624.jpg,92
AM1981.jpg,72
AM1458.jpg,18
AF436.jpg,27
CM254.jpg,46
AF965.jpg,49
AF644.jpg,41
CF441.jpg,39
AM1895.jpg,76
AM1921.jpg,47
CF617.jpg,62
AF871.jpg,46
CM153.jpg,28
AM476.jpg,42
CM104.jpg,48
AF1041.jpg,35
CM5.jpg,42
CM95.jpg,29
AF858.jpg,74
CF105.jpg,44
AF1194.jpg,81
AF1315.jpg,46
AM270.jpg,44
AM677.jpg,41
CF160.jpg,36
AM1696.jpg,87
AM735.jpg,20
AF617.jpg,38
AM671.jpg,29
AF774.jpg,48
AF1211.jpg,79
AM17.jpg,57
AF256.jpg,46
AM367.jpg,48
AM328.jpg,43
AF448.jpg,43
CM620.jpg,23
AM856.jpg,31
AF1.jpg,34
AF1983.jpg,72
AF918.jpg,33
AM809.jpg,34
AF660.jpg,38
AF1076.jpg,11
CF490.jpg,46
AM1552.jpg,40
AM1004.jpg,33
AF97.jpg,33
AF1831.jpg,47
AM891.jpg,43
AF1273.jpg,8
AM434.jpg,53
AF1685.jpg,71
CF335.jpg,59
AM539.jpg,36
AF647.jpg,68
AM785.jpg,47
AM1045.jpg,26
CF362.jpg,54
AF1532.jpg,64
AF1248.jpg,56
AF568.jpg,36
AM1037.jpg,32
AF943.jpg,35
AM524.jpg,36
AM1825.jpg,34
CF178.jpg,44
CM456.jpg,30
AM1669.jpg,55
AM1160.jpg,36
CM27.jpg,62
AM972.jpg,40
CF102.jpg,58
AM1870.jpg,40
CM347.jpg,36
AF962.jpg,75
AM1118.jpg,34
AF826.jpg,46
AF854.jpg,46
AM1999.jpg,61
CF669.jpg,79
AF1874.jpg,58
AM1257.jpg,41
AM1792.jpg,59
AM1750.jpg,67
AM1386.jpg,57
CM258.jpg,55
AM1095.jpg,79
AF317.jpg,73
AM342.jpg,44
CM544.jpg,46
AM1958.jpg,36
CM183.jpg,71
AM1525.jpg,29
AF1513.jpg,68
AM925.jpg,41
AM1258.jpg,43
CM698.jpg,50
AF1857.jpg,81
AF834.jpg,41
AF1429.jpg,68
AF257.jpg,35
AM1979.jpg,55
AM420.jpg,35
AF942.jpg,77
AF1210.jpg,41
AM129.jpg,83
AM238.jpg,31
CM67.jpg,43
AM1123.jpg,29
AM1635.jpg,67
CF203.jpg,26
AM877.jpg,37
AF829.jpg,31
CF577.jpg,84
AF447.jpg,75
CF537.jpg,61
AM1270.jpg,34
AM1760.jpg,80
CF589.jpg,83
CM464.jpg,28
AM484.jpg,46
CF386.jpg,52
AF1275.jpg,64
AM380.jpg,41
CM38.jpg,65
AF692.jpg,35
AF616.jpg,26
AF1379.jpg,44
CM586.jpg,41
CM585.jpg,47
AM1380.jpg,46
AF1947.jpg,62
AM1353.jpg,36
CF80.jpg,46
AM973.jpg,47
AM651.jpg,47
AM320.jpg,83
AM1144.jpg,32
AF1349.jpg,35
AF1308.jpg,64
AM1502.jpg,42
AF820.jpg,48
AM257.jpg,41
AF1588.jpg,74
CM688.jpg,79
CM311.jpg,38
CF157.jpg,47
AF1253.jpg,84
AF1856.jpg,80
AM1017.jpg,33
AF749.jpg,40
CF590.jpg,71
AM1197.jpg,31
CM628.jpg,41
AF1344.jpg,68
CM186.jpg,78
AF218.jpg,32
CM750.jpg,56
AM1888.jpg,62
AF799.jpg,53
AF1196.jpg,67
AM201.jpg,53
AF350.jpg,32
AM415.jpg,45
AF1823.jpg,69
CF460.jpg,39
CM692.jpg,83
CM406.jpg,51
CM678.jpg,75
AF1759.jpg,75
AF201.jpg,49
AF675.jpg,76
AM1676.jpg,53
AM659.jpg,43
AM271.jpg,24
AF294.jpg,39
CM691.jpg,70
AF323.jpg,39
AF437.jpg,53
CM149.jpg,44
CM715.jpg,74
AF1693.jpg,73
AM1522.jpg,29
AM725.jpg,49
AM1940.jpg,83
AM1306.jpg,39
AM940.jpg,38
AF1264.jpg,48
AM1930.jpg,83
AM181.jpg,39
AM1470.jpg,65
CM423.jpg,46
AM1700.jpg,80
AM1445.jpg,42
AF967.jpg,73
AM1332.jpg,36
AF1374.jpg,83
CF162.jpg,22
AM774.jpg,45
CF5.jpg,72
AF1567.jpg,76
AF827.jpg,49
AM1324.jpg,41
AM179.jpg,36
AM1689.jpg,79
CF377.jpg,56
AF481.jpg,33
AF1428.jpg,69
AF1404.jpg,47
CF127.jpg,46
AF1961.jpg,42
CM555.jpg,41
CF6.jpg,82
AF1328.jpg,68
CF516.jpg,61
AF501.jpg,71
AM1242.jpg,24
AM562.jpg,50
AM1808.jpg,74
AF1165.jpg,52
AM767.jpg,41
AM1402.jpg,54
CF455.jpg,76
AF1709.jpg,57
AM92.jpg,48
AF383.jpg,38
AF1619.jpg,17
CF390.jpg,41
CM528.jpg,64
CM732.jpg,85
CF322.jpg,37
AM15.jpg,67
CM116.jpg,48
AF229.jpg,49
AM4.jpg,58
CF398.jpg,54
CF376.jpg,37
AF1918.jpg,50
CM118.jpg,37
AF252.jpg,45
AF1342.jpg,83
CM227.jpg,48
AM559.jpg,41
AM1185.jpg,46
AM1317.jpg,40
AF1609.jpg,63
AF471.jpg,57
AM854.jpg,38
AM819.jpg,47
CF131.jpg,57
AM1849.jpg,48
AM534.jpg,47
AF1763.jpg,70
AF369.jpg,54
AF1575.jpg,52
AF679.jpg,43
CM280.jpg,49
AM423.jpg,38
AM747.jpg,39
AF319.jpg,51
AM1345.jpg,42
AM273.jpg,35
AM1235.jpg,33
AM1497.jpg,51
AM469.jpg,46
AM1578.jpg,62
CF450.jpg,50
CF101.jpg,38
AM1926.jpg,66
AM1812.jpg,46
CF475.jpg,61
AM1051.jpg,46
AF413.jpg,22
AM1167.jpg,44
AM1842.jpg,70
AF1460.jpg,67
AM1351.jpg,44
AM90.jpg,23
CM290.jpg,41
AM749.jpg,39
AF1012.jpg,45
AF599.jpg,44
AF632.jpg,31
AM130.jpg,67
CM643.jpg,58
AM103.jpg,56
AF289.jpg,32
AF466.jpg,49
AF454.jpg,46
AF1401.jpg,81
AM163.jpg,29
AM412.jpg,43
AM1781.jpg,49
CF401.jpg,43
CF159.jpg,36
AF269.jpg,67
AF122.jpg,32
AF1714.jpg,70
AF155.jpg,39
AF1498.jpg,77
AM1027.jpg,33
AF830.jpg,46
AF922.jpg,18
AM1941.jpg,64
AM979.jpg,33
AM1788.jpg,27
AF1333.jpg,85
AM418.jpg,25
AF1770.jpg,78
CM255.jpg,61
CF642.jpg,81
CM85.jpg,41
AM252.jpg,32
AF260.jpg,32
AM1549.jpg,32
CF83.jpg,48
AF357.jpg,39
AF1950.jpg,46
CF512.jpg,45
AM78.jpg,53
AF661.jpg,35
AF1885.jpg,43
AF1236.jpg,83
CF465.jpg,48
AF1446.jpg,69
AF203.jpg,71
CM395.jpg,42
AF1485.jpg,49
AM699.jpg,51
AF102.jpg,46
AF23.jpg,58
AM47.jpg,51
AF103.jpg,41
CF29.jpg,41
AM1748.jpg,48
AM442.jpg,41
AF916.jpg,51
AF1767.jpg,74
CM318.jpg,47
AM1699.jpg,88
AF1793.jpg,76
AF451.jpg,51
AM548.jpg,48
AM1072.jpg,52
CM277.jpg,39
AM1821.jpg,55
CM166.jpg,35
CM142.jpg,56
CF310.jpg,42
AF1141.jpg,54
AF1356.jpg,58
CM309.jpg,86
CM369.jpg,50
CM322.jpg,51
CF196.jpg,41
CM132.jpg,43
CF8.jpg,88
AF1339.jpg,59
AF1623.jpg,75
AM599.jpg,26
AM566.jpg,29
AF1043.jpg,39
AM1838.jpg,90
AM1053.jpg,45
CF613.jpg,86
AM57.jpg,57
CM610.jpg,52
AM293.jpg,29
AF847.jpg,44
AF795.jpg,40
CM317.jpg,65
AF460.jpg,41
CM612.jpg,36
AM477.jpg,52
AM988.jpg,45
CF251.jpg,19
AF571.jpg,48
AM911.jpg,46
AM1570.jpg,79
AM398.jpg,44
AM198.jpg,54
AM1616.jpg,78
AM1599.jpg,67
CF247.jpg,38
AM1374.jpg,42
CM637.jpg,80
AM933.jpg,44
AF128.jpg,47
CF213.jpg,46
AM1383.jpg,34
CF367.jpg,54
AM1139.jpg,34
AM547.jpg,34
AM87.jpg,66
AF1031.jpg,76
CM228.jpg,48
AM1157.jpg,44
AF1791.jpg,73
AM1851.jpg,77
CF500.jpg,44
AF1929.jpg,68
AM173.jpg,19
CF463.jpg,42
AM1046.jpg,37
AM1096.jpg,61
AM2.jpg,65
AF1556.jpg,56
CM208.jpg,57
AF741.jpg,41
CF372.jpg,57
CM68.jpg,55
AF1092.jpg,32
AF1456.jpg,77
CF91.jpg,23
AF1716.jpg,62
AF492.jpg,79
AF1827.jpg,79
AF373.jpg,39
AF1641.jpg,5
AF278.jpg,47
CF585.jpg,66
AM61.jpg,18
AF192.jpg,30
AF292.jpg,45
AM910.jpg,28
AM1213.jpg,31
CM165.jpg,41
AF716.jpg,13
AF529.jpg,39
AF1496.jpg,67
CM414.jpg,50
AM1371.jpg,42
AM1751.jpg,74
CM343.jpg,41
AF1843.jpg,63
AF231.jpg,42
AM326.jpg,31
AM672.jpg,51
AF449.jpg,42
CF140.jpg,42
CM437.jpg,41
AF1338.jpg,48
AF1548.jpg,77
AF423.jpg,49
AM1452.jpg,38
AM929.jpg,36
AF1670.jpg,74
AM1261.jpg,40
AF539.jpg,74
AF1797.jpg,55
AM792.jpg,28
AM144.jpg,56
CM573.jpg,46
CM627.jpg,40
AF1408.jpg,67
AM452.jpg,33
CF108.jpg,28
AM202.jpg,37
AM91.jpg,50
CF263.jpg,29
CF413.jpg,44
AF509.jpg,41
CM497.jpg,53
AF1431.jpg,67
AM509.jpg,46
AF1998.jpg,44
CF104.jpg,39
CF381.jpg,37
CM740.jpg,74
AF663.jpg,49
AF117.jpg,36
CM299.jpg,46
AF988.jpg,36
AM776.jpg,41
AM779.jpg,36
AF743.jpg,50
AM105.jpg,58
AF1435.jpg,43
CF244.jpg,67
CM449.jpg,50
AM1694.jpg,55
AF748.jpg,44
AF1222.jpg,68
AM885.jpg,35
CM93.jpg,86
AM1960.jpg,61
AF1440.jpg,66
AF1920.jpg,63
AM608.jpg,46
CF432.jpg,30
AM1100.jpg,29
AF1060.jpg,36
CF524.jpg,41
AM372.jpg,29
AF669.jpg,55
CM46.jpg,71
AM1218.jpg,65
AM782.jpg,43
CM538.jpg,42
AM155.jpg,69
CM467.jpg,58
CF182.jpg,42
AF1967.jpg,23
AF82.jpg,38
AM1375.jpg,48
CF369.jpg,39
AF318.jpg,26
CM738.jpg,70
AM839.jpg,43
CF359.jpg,45
AM500.jpg,39
AF515.jpg,57
AM636.jpg,23
CM477.jpg,46
AM1959.jpg,69
AF623.jpg,51
CM143.jpg,57
AF1901.jpg,79
AM109.jpg,59
AM1296.jpg,42
CF698.jpg,72
CF552.jpg,83
AF1830.jpg,77
CF652.jpg,74
CM245.jpg,45
AF1644.jpg,71
AF1996.jpg,16
CF601.jpg,63
CF427.jpg,44
AM975.jpg,43
AM1050.jpg,51
AM526.jpg,44
AM461.jpg,34
CM61.jpg,27
AF1454.jpg,44
CF179.jpg,39
CM354.jpg,39
AF1578.jpg,45
AM284.jpg,19
AM55.jpg,73
CM43.jpg,39
AF1330.jpg,76
AF162.jpg,29
AM1763.jpg,69
AM209.jpg,68
AM1489.jpg,32
CM491.jpg,46
CF94.jpg,35
CF486.jpg,41
CM97.jpg,52
AM1023.jpg,38
AF653.jpg,40
AF210.jpg,29
AF913.jpg,46
AF959.jpg,59
AF72.jpg,34
AM440.jpg,20
AF1387.jpg,76
CM647.jpg,87
AF1237.jpg,60
AM882.jpg,45
AM307.jpg,80
AF1859.jpg,22
AF1612.jpg,72
AF212.jpg,46
AM1662.jpg,82
AF763.jpg,41
CM429.jpg,44
CM633.jpg,37
AF708.jpg,23
CM276.jpg,46
AF1661.jpg,67
AF926.jpg,74
AM669.jpg,55
AM755.jpg,40
AF1257.jpg,80
AF70.jpg,48
AM1080.jpg,41
AM1770.jpg,60
AF127.jpg,48
CM749.jpg,82
AM788.jpg,43
AM1717.jpg,72
AM1733.jpg,74
AF1306.jpg,27
AM842.jpg,48
AF1733.jpg,75
CF288.jpg,53
CF604.jpg,65
AM1675.jpg,78
CF555.jpg,78
AM868.jpg,21
AM1313.jpg,41
AF535.jpg,40
AM536.jpg,25
AM1015.jpg,34
AF233.jpg,49
AM429.jpg,39
AF1688.jpg,82
CM47.jpg,44
CM579.jpg,44
AM618.jpg,43
AF1046.jpg,33
AM13.jpg,47
AM798.jpg,52
AF58.jpg,42
AM1645.jpg,77
AF234.jpg,33
AM280.jpg,33
AM1503.jpg,36
AF1427.jpg,65
AF1595.jpg,73
CM35.jpg,41
AF1732.jpg,80
AF118.jpg,46
AF1880.jpg,37
AM777.jpg,39
AF677.jpg,33
AF1077.jpg,53
AM1739.jpg,43
CF728.jpg,83
AF1520.jpg,56
AF804.jpg,46
CF464.jpg,29
AM310.jpg,65
AF600.jpg,59
AF1471.jpg,57
AF777.jpg,32
CM725.jpg,65
AM1604.jpg,74
AF349.jpg,40
CF440.jpg,53
CM366.jpg,55
AF1540.jpg,10
AF1436.jpg,49
AF267.jpg,24
AF397.jpg,42
AM133.jpg,53
AF435.jpg,18
AF807.jpg,50
AM34.jpg,81
AM458.jpg,38
AM748.jpg,49
CF431.jpg,46
CM346.jpg,37
AM400.jpg,41
AF1148.jpg,71
CM289.jpg,43
AM717.jpg,29
AM903.jpg,35
AF1596.jpg,52
AM1945.jpg,58
AF714.jpg,44
AF119.jpg,32
CM204.jpg,48
AM360.jpg,44
AM710.jpg,41
AM642.jpg,48
AM464.jpg,38
AM1352.jpg,41
AF1780.jpg,67
CF466.jpg,45
CF235.jpg,48
CM411.jpg,47
AF402.jpg,62
AF496.jpg,32
AF150.jpg,37
CM577.jpg,46
AF755.jpg,81
AM609.jpg,36
CF303.jpg,42
AM555.jpg,28
AM1520.jpg,42
CF581.jpg,86
CM285.jpg,42
AM1398.jpg,42
AF981.jpg,48
AF141.jpg,34
CF26.jpg,58
CM154.jpg,68
AM1703.jpg,64
AF307.jpg,37
AM1499.jpg,44
AM1538.jpg,46
AF92.jpg,39
CF548.jpg,86
AM985.jpg,56
AM934.jpg,26
AF1313.jpg,39
CF13.jpg,80
AM448.jpg,27
CF727.jpg,89
AM1903.jpg,41
AF1110.jpg,81
AF1484.jpg,65
CM158.jpg,45
CM26.jpg,33
AM137.jpg,81
CM338.jpg,34
AM1195.jpg,25
AM881.jpg,38
AM1085.jpg,45
AF610.jpg,22
AF1654.jpg,50
AF1411.jpg,54
AF1810.jpg,40
AF1905.jpg,65
CM266.jpg,53
AM1798.jpg,51
AM1989.jpg,86
CM473.jpg,44
CF55.jpg,65
AF974.jpg,43
CM365.jpg,43
AF1232.jpg,55
AM41.jpg,82
AF1848.jpg,62
AM1308.jpg,34
CM506.jpg,69
CM427.jpg,19
AF1455.jpg,51
AF1490.jpg,67
AF1559.jpg,79
CF341.jpg,54
CF39.jpg,39
AF1504.jpg,59
AF1814.jpg,53
CM535.jpg,63
AM1965.jpg,47
CM169.jpg,47
AM189.jpg,69
AF1821.jpg,62
AF855.jpg,78
AF1640.jpg,72
AF850.jpg,66
CM727.jpg,78
AF1495.jpg,76
AM507.jpg,41
CF37.jpg,39
AM1936.jpg,88
CM114.jpg,43
CM56.jpg,34
CF184.jpg,43
AF1096.jpg,35
AM1434.jpg,35
CF594.jpg,53
CF364.jpg,49
AF461.jpg,34
AF298.jpg,35
AF635.jpg,48
AF1305.jpg,77
AF1516.jpg,62
CF331.jpg,29
AF812.jpg,73
AF726.jpg,50
AF698.jpg,34
CF248.jpg,36
CM33.jpg,48
AF1032.jpg,58
AF842.jpg,43
AM1839.jpg,41
CF225.jpg,48
AF17.jpg,49
CM342.jpg,37
AM1447.jpg,44
AM331.jpg,35
AM1136.jpg,39
AF1801.jpg,72
CF171.jpg,37
AF324.jpg,46
CF684.jpg,65
AF768.jpg,51
CF239.jpg,46
AM835.jpg,40
CM500.jpg,65
AF1413.jpg,60
CM401.jpg,45
AF1162.jpg,78
CF710.jpg,73
AF63.jpg,20
CM665.jpg,87
CM275.jpg,38
AF1994.jpg,43
AM687.jpg,41
AF819.jpg,50
AF1855.jpg,60
AF1145.jpg,26
AM1026.jpg,32
AM1464.jpg,86
CM431.jpg,42
CM596.jpg,28
AF987.jpg,64
AM886.jpg,50
AF305.jpg,22
CF433.jpg,32
CF274.jpg,40
AF386.jpg,50
CF199.jpg,39
AF1332.jpg,34
AM1681.jpg,78
AF1098.jpg,15
AF1280.jpg,83
AM791.jpg,38
CF706.jpg,83
AF1140.jpg,73
AM737.jpg,48
AM260.jpg,44
AF1255.jpg,81
AF80.jpg,47
AF667.jpg,33
CF693.jpg,75
AM1615.jpg,52
AM525.jpg,43
AF1120.jpg,48
CF240.jpg,47
AM104.jpg,69
AM753.jpg,37
AF1010.jpg,40
AM317.jpg,39
CM367.jpg,26
AM1297.jpg,36
AM541.jpg,43
AM59.jpg,80
AM1724.jpg,84
CM341.jpg,40
AM815.jpg,36
AM1567.jpg,81
AM76.jpg,59
AM639.jpg,39
AM1422.jpg,46
AF1005.jpg,31
AM543.jpg,44
AF1225.jpg,46
AF1916.jpg,55
CM728.jpg,83
AM1925.jpg,63
AM511.jpg,43
AM1836.jpg,77
AF15.jpg,46
AM1784.jpg,63
CF434.jpg,50
AF1345.jpg,77
AM1029.jpg,32
AF254.jpg,55
AM1793.jpg,42
CM629.jpg,32
AM875.jpg,48
AM962.jpg,43
AF1277.jpg,68
CF280.jpg,27
AM262.jpg,55
CM17.jpg,76
AF366.jpg,45
AM1828.jpg,41
CF236.jpg,29
CM340.jpg,33
AF353.jpg,35
CM279.jpg,36
AF442.jpg,41
AM1014.jpg,22
AF642.jpg,43
AF1197.jpg,67
CM720.jpg,82
CF674.jpg,74
AF1976.jpg,3
AF540.jpg,38
AF1175.jpg,83
AF957.jpg,51
AM323.jpg,39
AM607.jpg,26
AM74.jpg,16
CM377.jpg,41
AM1990.jpg,70
AM404.jpg,41
AM1711.jpg,56
CM716.jpg,79
AM1311.jpg,47
AF1989.jpg,63
AF1158.jpg,86
AM620.jpg,44
AM879.jpg,46
AM1816.jpg,57
AF1325.jpg,31
CM684.jpg,53
AM43.jpg,42
AF1678.jpg,59
AM125.jpg,73
CM403.jpg,55
AF1276.jpg,26
AM1850.jpg,32
AM168.jpg,41
AF1487.jpg,55
AM64.jpg,82
CF408.jpg,53
AF917.jpg,12
AM744.jpg,49
AM1446.jpg,44
AF242.jpg,45
AF560.jpg,33
AM1479.jpg,33
CM333.jpg,46
CF579.jpg,67
AM1827.jpg,45
CM225.jpg,51
CF569.jpg,74
AM308.jpg,72
AF664.jpg,36
CM336.jpg,48
AF497.jpg,27
AM922.jpg,41
CF505.jpg,55
AF164.jpg,53
AM1841.jpg,36
CF722.jpg,63
AM191.jpg,21
AF1822.jpg,80
AF939.jpg,25
AF301.jpg,39
CF189.jpg,53
AF263.jpg,55
AM438.jpg,41
AF672.jpg,37
AM1396.jpg,45
AM866.jpg,49
AM994.jpg,43
AF1539.jpg,16
AF296.jpg,46
AM1683.jpg,60
CF370.jpg,59
CM452.jpg,34
CF553.jpg,73
CM144.jpg,34
AM650.jpg,42
CF336.jpg,46
CM508.jpg,33
AF110.jpg,57
CM649.jpg,62
AM1575.jpg,80
AM1260.jpg,39
AM1553.jpg,47
AM1889.jpg,65
AF621.jpg,45
AM918.jpg,36
AM1646.jpg,75
AF1551.jpg,66
AM244.jpg,33
AM1117.jpg,48
AF1913.jpg,46
AF906.jpg,49
AM1415.jpg,30
CF665.jpg,65
AM574.jpg,43
CF443.jpg,34
AM1568.jpg,76
AM1565.jpg,75
CM707.jpg,81
AM601.jpg,41
AM1395.jpg,48
AF1121.jpg,25
AM1012.jpg,27
AF888.jpg,45
CF657.jpg,70
CM62.jpg,51
AF1718.jpg,69
AF1689.jpg,71
AM1186.jpg,35
CF479.jpg,43
AM97.jpg,69
AM254.jpg,27
AM1630.jpg,77
AM1412.jpg,46
CF515.jpg,30
CM420.jpg,69
AF1366.jpg,64
CF264.jpg,39
CF681.jpg,67
AF1050.jpg,55
CM674.jpg,72
AM1208.jpg,34
AF1518.jpg,61
AF1869.jpg,58
AF1202.jpg,59
CM690.jpg,79
CM31.jpg,49
AM1130.jpg,27
AF1419.jpg,71
AM431.jpg,53
AM1508.jpg,42
AF43.jpg,30
AF738.jpg,87
AM397.jpg,31
AF867.jpg,76
CM475.jpg,41
AF427.jpg,34
CM174.jpg,65
AM1021.jpg,47
AF390.jpg,43
AM1722.jpg,55
AF1748.jpg,72
AM1944.jpg,82
AF1702.jpg,34
AM1041.jpg,58
AM634.jpg,28
AF1244.jpg,73
AM1262.jpg,44
AM1767.jpg,28
AM1032.jpg,19
CM303.jpg,41
CM601.jpg,48
AF1389.jpg,67
AF1625.jpg,28
AF1003.jpg,47
CF416.jpg,36
AF1836.jpg,55
AF715.jpg,86
CF210.jpg,46
CF267.jpg,45
AM1690.jpg,86
AF558.jpg,34
AF848.jpg,48
AF1846.jpg,68
AM28.jpg,81
AM194.jpg,23
AM1481.jpg,32
AF157.jpg,35
AM542.jpg,24
AM679.jpg,33
AF1740.jpg,80
AM1541.jpg,42
AF1747.jpg,65
CF504.jpg,38
AF1514.jpg,76
AM169.jpg,20
CM597.jpg,58
CF518.jpg,36
AF452.jpg,41
CM66.jpg,65
AF880.jpg,70
AM1273.jpg,45
AF177.jpg,19
CF126.jpg,46
CM529.jpg,34
AM19.jpg,47
AM1093.jpg,51
AM1377.jpg,31
CM469.jpg,48
AM1173.jpg,23
AF636.jpg,65
AF1026.jpg,67
AF822.jpg,29
AF219.jpg,29
AM1207.jpg,29
AM1971.jpg,77
AM1393.jpg,41
AM1769.jpg,71
AM1826.jpg,46
AM803.jpg,45
CF234.jpg,34
AM69.jpg,49
AM655.jpg,47
AM1127.jpg,45
AM1035.jpg,27
AM304.jpg,80
AM1399.jpg,45
AM700.jpg,35
AF784.jpg,60
AF1268.jpg,76
CF673.jpg,80
AM1556.jpg,44
CF147.jpg,34
AM1937.jpg,67
AF151.jpg,32
AM66.jpg,54
AM9.jpg,73
CM561.jpg,55
AM821.jpg,24
AM1133.jpg,43
AM449.jpg,35
AM327.jpg,53
AM1587.jpg,88
CM721.jpg,76
AF1891.jpg,82
AF400.jpg,45
AF725.jpg,39
CF57.jpg,67
CF509.jpg,43
CM23.jpg,76
AM275.jpg,39
CM235.jpg,39
CF627.jpg,82
AM1512.jpg,44
AM1196.jpg,35
CM70.jpg,46
AM517.jpg,44
AM830.jpg,38
AM135.jpg,36
AF1282.jpg,62
CF368.jpg,43
AF1261.jpg,71
AM1661.jpg,79
AF951.jpg,50
CF410.jpg,46
AM1180.jpg,44
CM257.jpg,33
AM814.jpg,35
CF708.jpg,79
AM670.jpg,37
AM832.jpg,28
AF727.jpg,60
CM656.jpg,82
AM690.jpg,32
CF374.jpg,70
CF471.jpg,43
AM1712.jpg,83
AM778.jpg,43
AM1070.jpg,41
CM495.jpg,32
CM219.jpg,52
AM1891.jpg,74
CF141.jpg,65
AM1388.jpg,44
AF1610.jpg,80
AM1534.jpg,36
AM329.jpg,40
AF1472.jpg,70
CF715.jpg,64
AF1267.jpg,61
AM683.jpg,50
AF2.jpg,74
AF465.jpg,35
AM674.jpg,36
AF1512.jpg,50
AM662.jpg,41
AF857.jpg,34
AM192.jpg,41
AM1562.jpg,72
AM200.jpg,34
AM1666.jpg,74
CF469.jpg,32
AM146.jpg,50
AF985.jpg,16
AF1422.jpg,74
AF1321.jpg,21
CF356.jpg,46
AF1265.jpg,85
AF637.jpg,43
CF58.jpg,33
AM453.jpg,44
AM1490.jpg,32
AF1817.jpg,54
AM1322.jpg,31
AM389.jpg,23
CF536.jpg,69
AM1354.jpg,26
AF1872.jpg,51
CM446.jpg,34
CF480.jpg,66
CM584.jpg,37
CF21.jpg,81
AF1715.jpg,40
CM147.jpg,36
AM247.jpg,72
AM1780.jpg,54
CM425.jpg,57
AF1834.jpg,70
AF1069.jpg,55
AM1443.jpg,34
AF1743.jpg,41
CM207.jpg,33
AM1796.jpg,74
CM618.jpg,51
CM693.jpg,71
AF873.jpg,49
AF356.jpg,53
CF296.jpg,55
CM320.jpg,46
CM246.jpg,55
AM1359.jpg,36
CM679.jpg,58
CF705.jpg,65
AF1415.jpg,19
AM446.jpg,47
AF199.jpg,43
AF1851.jpg,46
AF1957.jpg,60
AM468.jpg,29
AF1882.jpg,67
AF1765.jpg,75
AM1427.jpg,53
AM1771.jpg,64
AM1706.jpg,41
AF213.jpg,72
AM444.jpg,39
CM482.jpg,52
CM203.jpg,41
AM724.jpg,25
AF767.jpg,45
AM36.jpg,84
CM661.jpg,73
CF99.jpg,75
AM1246.jpg,40
AM1008.jpg,38
CF313.jpg,29
AM1340.jpg,41
AF1452.jpg,51
AM998.jpg,40
AF101.jpg,34
AF1357.jpg,82
CM60.jpg,46
AM30.jpg,78
CM226.jpg,34
AM904.jpg,39
CF253.jpg,55
AF4.jpg,43
AF99.jpg,39
AM1285.jpg,30
CF725.jpg,74
AF458.jpg,39
AM1629.jpg,83
AM1773.jpg,85
AM843.jpg,37
AF654.jpg,39
CF273.jpg,45
AF482.jpg,44
AM70.jpg,22
AF1800.jpg,62
AF1157.jpg,51
CF554.jpg,79
AM145.jpg,51
AF810.jpg,48
AM1822.jpg,74
AF1133.jpg,56
AF1129.jpg,79
CF98.jpg,42
AF1038.jpg,42
AM1170.jpg,29
AF405.jpg,46
AF1620.jpg,72
AM206.jpg,37
AF139.jpg,29
AF1664.jpg,57
CM216.jpg,56
AM1573.jpg,48
AM139.jpg,88
CF383.jpg,50
CF345.jpg,28
AF920.jpg,41
AM625.jpg,52
CM507.jpg,55
AM1431.jpg,43
CM134.jpg,49
CF342.jpg,52
AM433.jpg,31
AF507.jpg,40
AM1617.jpg,68
AM1168.jpg,26
AF1645.jpg,59
AM114.jpg,55
AM1581.jpg,86
AF980.jpg,74
CM121.jpg,37
AF1599.jpg,62
AM368.jpg,38
AM1106.jpg,29
AM924.jpg,48
AF1582.jpg,81
AF1902.jpg,67
AM893.jpg,28
AM385.jpg,37
CM392.jpg,43
AF76.jpg,48
CM455.jpg,44
CM605.jpg,40
CM351.jpg,57
CF82.jpg,49
AF1909.jpg,60
CM461.jpg,51
CM307.jpg,36
CM267.jpg,53
AM255.jpg,45
AM997.jpg,39
CM611.jpg,48
AF1565.jpg,58
AM851.jpg,37
AF607.jpg,39
CM516.jpg,47
AM761.jpg,49
AF182.jpg,34
AM1939.jpg,70
AM597.jpg,42
AF170.jpg,35
AM790.jpg,32
AF694.jpg,16
AF1598.jpg,65
AM1714.jpg,55
AM971.jpg,26
AM1113.jpg,49
AM1886.jpg,52
AM1588.jpg,73
AF655.jpg,58
AM1907.jpg,53
AM738.jpg,46
AM443.jpg,28
AF752.jpg,36
AM1188.jpg,37
CM325.jpg,43
AM1942.jpg,60
AM586.jpg,42
CM176.jpg,38
AM590.jpg,44
CM64.jpg,38
AM799.jpg,32
AF1206.jpg,58
CM541.jpg,40
AF1602.jpg,68
AF1322.jpg,48
AF154.jpg,50
AF1160.jpg,67
CM108.jpg,68
AF816.jpg,48
CM52.jpg,50
AF665.jpg,39
CF241.jpg,36
CF285.jpg,42
AF671.jpg,41
CM112.jpg,49
CF51.jpg,38
CM705.jpg,79
AM381.jpg,52
AF1502.jpg,67
AM27.jpg,76
AF1970.jpg,48
AM581.jpg,52
AF1536.jpg,68
AM2000.jpg,53
AM243.jpg,41
AM220.jpg,29
AF609.jpg,37
CF729.jpg,68
AF1601.jpg,87
AF970.jpg,39
AF1478.jpg,74
AF1188.jpg,39
AM494.jpg,39
AF1503.jpg,48
AM482.jpg,48
CF132.jpg,42
AM1077.jpg,38
AM845.jpg,43
AF228.jpg,36
AF68.jpg,45
CM242.jpg,42
CF355.jpg,34
AM1236.jpg,30
CM12.jpg,86
AF1655.jpg,50
AM1223.jpg,41
CF130.jpg,50
AF732.jpg,44
AF1007.jpg,43
AM689.jpg,48
AM1572.jpg,83
AF990.jpg,27
AF1177.jpg,67
CF46.jpg,38
AM1892.jpg,79
AF1310.jpg,32
AM72.jpg,66
AM208.jpg,81
AM73.jpg,23
CF709.jpg,72
AF1270.jpg,79
AF1711.jpg,72
AF968.jpg,33
AF511.jpg,45
AM357.jpg,79
AF1673.jpg,74
CM718.jpg,75
AF572.jpg,59
CF560.jpg,58
AM193.jpg,85
AF723.jpg,45
AF1102.jpg,71
AM63.jpg,79
AM1149.jpg,21
CM10.jpg,66
AF1878.jpg,75
AM654.jpg,46
AM1259.jpg,44
AF1364.jpg,74
CM399.jpg,47
CM69.jpg,44
AM560.jpg,47
AF739.jpg,37
AF932.jpg,54
AM1639.jpg,83
CM582.jpg,36
CF118.jpg,23
AM1738.jpg,65
AM1833.jpg,63
CM614.jpg,36
AF1497.jpg,47
AM25.jpg,81
AF1067.jpg,40
CM588.jpg,38
CM125.jpg,35
AM829.jpg,39
CM250.jpg,54
AF1174.jpg,88
AM984.jpg,58
CF588.jpg,64
CF276.jpg,43
AF392.jpg,50
AF1271.jpg,59
AF997.jpg,69
AM838.jpg,24
CM324.jpg,50
AM225.jpg,28
CF167.jpg,55
AF433.jpg,73
AM1564.jpg,75
AM531.jpg,43
AM1505.jpg,45
AM1973.jpg,66
AF1241.jpg,74
AM33.jpg,36
CM636.jpg,76
AM1460.jpg,29
AF1281.jpg,51
CF426.jpg,49
AF1084.jpg,22
AM426.jpg,41
AM50.jpg,62
AF577.jpg,48
AF1466.jpg,68
AF1871.jpg,67
AM450.jpg,28
AF100.jpg,48
CM300.jpg,41
CM438.jpg,40
AM1286.jpg,42
CF587.jpg,78
AF914.jpg,70
AF1988.jpg,25
AF238.jpg,43
CM537.jpg,48
AM197.jpg,37
AF1760.jpg,33
AM619.jpg,29
AF1786.jpg,77
AM1651.jpg,70
CF686.jpg,78
AM185.jpg,36
AF325.jpg,39
AM682.jpg,41
AM1566.jpg,80
AM1686.jpg,65
CF243.jpg,64
AF1819.jpg,48
AM1469.jpg,72
CF27.jpg,88
CF510.jpg,66
AM102.jpg,49
CM635.jpg,43
AF1840.jpg,37
AM427.jpg,42
AM1561.jpg,56
AM1897.jpg,75
CF129.jpg,17
AF845.jpg,56
AF904.jpg,40
AF1239.jpg,65
CF183.jpg,47
AF1629.jpg,76
AF1355.jpg,79
AF1636.jpg,37
AM1664.jpg,82
AF1647.jpg,66
CF347.jpg,50
AF1024.jpg,60
AM727.jpg,52
AM567.jpg,37
AF121.jpg,35
AM95.jpg,34
AF1618.jpg,39
AF1697.jpg,76
AF1459.jpg,75
CF194.jpg,44
AF1529.jpg,69
CF340.jpg,34
AM1418.jpg,38
AF1164.jpg,48
CF399.jpg,52
CF297.jpg,36
AM16.jpg,73
AM98.jpg,53
CF576.jpg,90
AM1627.jpg,63
AM65.jpg,53
AF1580.jpg,62
AF1042.jpg,53
AF1335.jpg,77
CM371.jpg,32
AM1671.jpg,81
CF187.jpg,33
AM583.jpg,46
AF395.jpg,76
CM621.jpg,50
AM1641.jpg,61
CF380.jpg,43
AF293.jpg,40
CF747.jpg,56
AM333.jpg,41
AM474.jpg,37
AM746.jpg,44
AM1668.jpg,51
AM1902.jpg,62
AF737.jpg,42
CM236.jpg,36
AF1971.jpg,24
CM568.jpg,29
CM170.jpg,42
AF377.jpg,29
AM1593.jpg,61
AM1879.jpg,69
AF428.jpg,45
AF1153.jpg,57
AF1997.jpg,12
AM1677.jpg,77
AF387.jpg,33
AF961.jpg,71
AF187.jpg,53
AM1880.jpg,38
AM1269.jpg,33
AM802.jpg,47
AF1028.jpg,29
AF1782.jpg,57
CF153.jpg,64
AM1441.jpg,32
CM557.jpg,41
CM735.jpg,80
AF646.jpg,66
AM1787.jpg,46
CM669.jpg,86
CF148.jpg,34
AF1159.jpg,75
AM231.jpg,41
AM1048.jpg,39
CF177.jpg,48
AF362.jpg,26
AM226.jpg,41
AF1180.jpg,67
AF704.jpg,41
AF1350.jpg,14
AF772.jpg,79
AF574.jpg,48
AF1111.jpg,35
AM1544.jpg,39
AM604.jpg,45
AM481.jpg,39
AF930.jpg,76
CF414.jpg,34
AM1995.jpg,79
CF207.jpg,34
CM459.jpg,44
CM739.jpg,75
AF648.jpg,42
AF531.jpg,50
CM65.jpg,66
AF1064.jpg,72
AM1533.jpg,22
AF1294.jpg,32
CM432.jpg,41
AM1876.jpg,53
CF565.jpg,64
AF1706.jpg,63
AF1203.jpg,60
CM435.jpg,47
AF992.jpg,42
AM1094.jpg,44
AM156.jpg,75
AM729.jpg,39
AF843.jpg,36
AM479.jpg,30
AF1922.jpg,60
CM564.jpg,55
AM14.jpg,79
AM935.jpg,26
AF1015.jpg,67
CM550.jpg,34
AM1634.jpg,48
AF556.jpg,40
AF1311.jpg,76
AF513.jpg,49
AM1997.jpg,86
AM1221.jpg,47
AF104.jpg,46
AM1993.jpg,48
CM259.jpg,43
AM1152.jpg,27
AF391.jpg,10
AM942.jpg,47
AF1030.jpg,34
AF455.jpg,32
CM162.jpg,60
AM637.jpg,49
AF1736.jpg,64
AM537.jpg,42
AF833.jpg,55
CM291.jpg,34
AM1955.jpg,51
AM203.jpg,45
AF1954.jpg,45
AF1424.jpg,50
AF1100.jpg,42
AM354.jpg,41
CM454.jpg,36
AF1168.jpg,72
AM1684.jpg,67
AM519.jpg,31
AM615.jpg,37
CM590.jpg,76
AM223.jpg,37
CF343.jpg,49
AF1812.jpg,71
CM295.jpg,29
AF140.jpg,26
AM1515.jpg,41
AM1125.jpg,26
CM137.jpg,37
CF402.jpg,32
AM1996.jpg,71
CM55.jpg,89
AF1624.jpg,54
AM1602.jpg,76
AM644.jpg,46
CM624.jpg,36
AF1734.jpg,71
CF602.jpg,84
CF138.jpg,23
AM186.jpg,79
CM595.jpg,48
CF675.jpg,74
AM564.jpg,43
AM1429.jpg,39
CF53.jpg,29
AF1263.jpg,53
CF750.jpg,65
CF169.jpg,42
AM1312.jpg,44
CM288.jpg,43
AF1119.jpg,43
AM763.jpg,40
AM421.jpg,70
AF757.jpg,12
CM383.jpg,41
CF133.jpg,49
AF281.jpg,30
AF314.jpg,19
CF664.jpg,61
AF911.jpg,27
AF733.jpg,41
AM1128.jpg,41
AF963.jpg,81
AF1531.jpg,56
AF1173.jpg,31
AM1913.jpg,55
AF115.jpg,49
AF498.jpg,42
CF696.jpg,52
AF308.jpg,38
CM268.jpg,48
AM1539.jpg,38
AM1409.jpg,53
CF61.jpg,75
AF879.jpg,43
CF689.jpg,87
AM1475.jpg,46
AF1207.jpg,76
AM1640.jpg,82
CF687.jpg,79
AM1156.jpg,53
AF473.jpg,42
AF792.jpg,48
AM1893.jpg,76
AM184.jpg,26
AF602.jpg,42
CM199.jpg,37
AF557.jpg,25
CM640.jpg,48
AF1053.jpg,42
AF1958.jpg,76
AM1394.jpg,40
CM589.jpg,48
CF618.jpg,76
AF36.jpg,38
CM527.jpg,35
AM501.jpg,36
CM157.jpg,70
AF209.jpg,44
AM108.jpg,73
AM521.jpg,39
AF1443.jpg,55
CF320.jpg,37
AM1904.jpg,17
AF1658.jpg,54
AM860.jpg,46
AF550.jpg,39
AM1003.jpg,37
AM1519.jpg,34
AM1382.jpg,29
AM1385.jpg,39
AF958.jpg,52
CM163.jpg,68
CM682.jpg,76
CM583.jpg,47
CM450.jpg,69
AF901.jpg,36
AM149.jpg,43
AM175.jpg,43
AF1594.jpg,71
AF891.jpg,33
CF65.jpg,9
AM1108.jpg,51
AM1407.jpg,38
AF1025.jpg,22
AF1448.jpg,73
CM159.jpg,33
AF1727.jpg,46
CF142.jpg,35
CF550.jpg,62
AM46.jpg,68
CM622.jpg,42
CM53.jpg,51
CM90.jpg,43
AM1329.jpg,43
AF1552.jpg,63
AF1139.jpg,48
CF81.jpg,49
AF877.jpg,74
AM1343.jpg,38
AM1978.jpg,58
AF711.jpg,42
AM154.jpg,78
AM544.jpg,52
AF1643.jpg,66
AF1646.jpg,85
AM161.jpg,36
AM580.jpg,31
AM579.jpg,41
CF59.jpg,29
CM542.jpg,39
AF656.jpg,41
CF279.jpg,72
AF1019.jpg,28
AM568.jpg,34
AF562.jpg,47
AF422.jpg,35
CM512.jpg,41
AM80.jpg,58
CF349.jpg,47
AF1233.jpg,45
AM1815.jpg,39
AM801.jpg,46
AM831.jpg,48
AF1150.jpg,48
CF538.jpg,40
AM1983.jpg,65
AM232.jpg,37
AF1987.jpg,21
AM1365.jpg,39
AM1319.jpg,39
AM325.jpg,67
AF1720.jpg,65
AM811.jpg,52
AM299.jpg,46
CM156.jpg,35
AF1245.jpg,46
AF566.jpg,34
AF1467.jpg,68
AM900.jpg,39
CM28.jpg,40
AF89.jpg,17
AF762.jpg,76
AM855.jpg,46
AF510.jpg,69
AF283.jpg,52
AF1146.jpg,53
CF2.jpg,74
CM565.jpg,30
AM1370.jpg,50
AM1954.jpg,69
CF394.jpg,47
AM1006.jpg,32
AM1448.jpg,38
CM24.jpg,44
AF153.jpg,29
AF1200.jpg,68
AF1442.jpg,67
CF483.jpg,74
AF684.jpg,47
AF552.jpg,47
AM641.jpg,41
AM386.jpg,41
AF10.jpg,61
AM1649.jpg,64
AF421.jpg,39
AM585.jpg,43
AF1746.jpg,65
CF713.jpg,69
AM1089.jpg,25
AM1852.jpg,76
AF1494.jpg,68
AF1290.jpg,50
AM846.jpg,40
AF622.jpg,31
AF844.jpg,45
AF806.jpg,31
AF839.jpg,57
CM334.jpg,35
AF262.jpg,36
AM645.jpg,48
AM1191.jpg,39
AF116.jpg,25
AM237.jpg,26
AF563.jpg,53
AM289.jpg,36
AF545.jpg,72
CF423.jpg,71
AF1783.jpg,66
AF548.jpg,66
AM150.jpg,63
AM1829.jpg,53
AF1398.jpg,10
AM234.jpg,40
AF1481.jpg,74
AF1777.jpg,67
AF470.jpg,66
CM71.jpg,37
AM1163.jpg,38
AF273.jpg,39
AM958.jpg,34
AF1260.jpg,68
CM724.jpg,64
AF1018.jpg,58
AM1044.jpg,44
CF116.jpg,48
AM684.jpg,51
AF1061.jpg,45
AF1397.jpg,65
AM784.jpg,29
AM1009.jpg,43
AF596.jpg,46
AM1183.jpg,46
AM837.jpg,46
AM1708.jpg,87
AF56.jpg,58
AF1186.jpg,31
CM696.jpg,71
CM499.jpg,69
AM373.jpg,36
AF361.jpg,49
AF1712.jpg,63
CM517.jpg,41
AF846.jpg,19
AM1462.jpg,28
CF746.jpg,45
AM171.jpg,46
CF119.jpg,39
CM504.jpg,37
AF633.jpg,65
AF1417.jpg,69
AM147.jpg,71
AM283.jpg,44
AM1819.jpg,59
AF1066.jpg,18
AF1789.jpg,67
AF999.jpg,63
AM1804.jpg,41
CF607.jpg,67
CF246.jpg,58
CF114.jpg,31
AM905.jpg,48
AF1062.jpg,80
CM171.jpg,34
AF1742.jpg,65
CM440.jpg,28
AM20.jpg,23
CF97.jpg,42
AF191.jpg,42
CF454.jpg,35
AM1687.jpg,75
AF1680.jpg,67
CM675.jpg,69
AM957.jpg,27
AF2000.jpg,64
CF529.jpg,49
CF523.jpg,34
AM627.jpg,41
AF1991.jpg,26
AF1027.jpg,75
AF628.jpg,41
AF1380.jpg,35
AF1923.jpg,50
AF1291.jpg,85
CM45.jpg,42
AF1986.jpg,1
CM599.jpg,41
CF659.jpg,86
AM123.jpg,85
CF198.jpg,34
AM762.jpg,87
AF735.jpg,38
AF1144.jpg,43
AF81.jpg,29
AF250.jpg,43
AF335.jpg,35
AF8.jpg,44
AF631.jpg,60
AF1299.jpg,68
AF1377.jpg,67
AF1113.jpg,59
CF379.jpg,63
AF59.jpg,28
CF578.jpg,74
CF411.jpg,74
CM547.jpg,44
AF666.jpg,49
CM92.jpg,39
AM1341.jpg,47
CM436.jpg,59
CM352.jpg,46
AM1743.jpg,58
CM189.jpg,41
CF353.jpg,54
AM1200.jpg,45
AM1417.jpg,36
AM1300.jpg,33
CF608.jpg,33
AF1023.jpg,60
AM396.jpg,40
CF19.jpg,74
AM1314.jpg,41
CM323.jpg,22
CF378.jpg,29
AF892.jpg,70
CF623.jpg,82
AM75.jpg,72
AF337.jpg,29
AF966.jpg,51
AM533.jpg,48
CF328.jpg,48
CM262.jpg,53
CM272.jpg,55
CM77.jpg,84
CM563.jpg,48
CF333.jpg,36
AF32.jpg,54
AM267.jpg,76
AF438.jpg,43
AF1347.jpg,60
AF1790.jpg,27
AM1179.jpg,44
CM593.jpg,55
AF290.jpg,37
AF1021.jpg,49
AM1182.jpg,30
AM1303.jpg,29
AM596.jpg,43
AM235.jpg,34
CM152.jpg,21
CM211.jpg,44
CM265.jpg,40
AM825.jpg,46
CF616.jpg,74
AF900.jpg,48
AM676.jpg,46
AM895.jpg,41
AM1392.jpg,36
AF299.jpg,32
AF519.jpg,45
CF666.jpg,83
AM1786.jpg,72
AM1033.jpg,26
CM167.jpg,43
AM1938.jpg,72
CF691.jpg,62
CM190.jpg,32
AF1879.jpg,70
CM717.jpg,76
AM663.jpg,42
AM570.jpg,31
AF1550.jpg,60
AF216.jpg,42
AF144.jpg,26
CM98.jpg,36
AF909.jpg,63
AM1466.jpg,76
CM496.jpg,41
CF472.jpg,39
AF321.jpg,36
AM1114.jpg,58
AF1741.jpg,72
AF890.jpg,58
AF161.jpg,25
AF1209.jpg,57
AF1877.jpg,76
AM1906.jpg,52
AM1847.jpg,68
AM1472.jpg,19
AM1609.jpg,67
AF159.jpg,45
AM1201.jpg,29
CF308.jpg,37
AM1974.jpg,66
CF640.jpg,91
AM840.jpg,50
CF166.jpg,36
AF984.jpg,68
AM1403.jpg,46
AF1057.jpg,54
CM428.jpg,50
AM358.jpg,38
AM454.jpg,36
AM970.jpg,48
CM639.jpg,80
CM549.jpg,46
AM164.jpg,26
AM520.jpg,44
AF1572.jpg,83
AF1773.jpg,40
AM1765.jpg,83
AM132.jpg,42
CF502.jpg,46
AF955.jpg,75
AF253.jpg,43
AF1590.jpg,3
AF185.jpg,29
AF945.jpg,55
AM83.jpg,53
AM1596.jpg,74
AM408.jpg,33
AM292.jpg,39
CM212.jpg,37
AF721.jpg,41
CM433.jpg,44
AM1928.jpg,61
AM1795.jpg,87
AM1824.jpg,47
AM341.jpg,32
CF52.jpg,39
AM1922.jpg,35
AF1468.jpg,85
AM1909.jpg,44
AM733.jpg,46
AF1632.jpg,61
AF344.jpg,39
AM1166.jpg,36
AF1247.jpg,72
AM1933.jpg,74
CM638.jpg,83
CF72.jpg,36
AM820.jpg,47
CM314.jpg,41
AM1344.jpg,43
AM512.jpg,34
CM42.jpg,87
AF1867.jpg,76
AM441.jpg,27
CF438.jpg,31
CM306.jpg,82
AF678.jpg,71
AF895.jpg,63
AF1865.jpg,56
AM1102.jpg,36
CF745.jpg,62
CM101.jpg,82
AF832.jpg,50
AF1392.jpg,76
CM518.jpg,45
AM926.jpg,34
AM1301.jpg,41
AF1278.jpg,65
CF660.jpg,62
AM915.jpg,42
AF1044.jpg,50
AF1753.jpg,57
AM428.jpg,42
AM974.jpg,38
AF494.jpg,33
CM241.jpg,49
AM1232.jpg,37
AF214.jpg,43
AM932.jpg,34
CF271.jpg,43
AF1507.jpg,45
AF130.jpg,39
AM364.jpg,37
AF1049.jpg,49
AF1860.jpg,56
AF467.jpg,57
AF1352.jpg,62
AM470.jpg,40
AM1302.jpg,36
AM859.jpg,47
AM954.jpg,45
AF1242.jpg,79
AM1091.jpg,35
AF1256.jpg,34
CF393.jpg,48
AF354.jpg,46
CF205.jpg,39
AF701.jpg,52
AF74.jpg,30
AF1781.jpg,64
AM1414.jpg,42
AF611.jpg,45
AF1361.jpg,75
AF1037.jpg,26
AF996.jpg,60
AM126.jpg,20
CF281.jpg,24
AM1840.jpg,59
AF12.jpg,28
AM731.jpg,46
AM1361.jpg,34
AF700.jpg,22
CM466.jpg,41
AM557.jpg,43
CF619.jpg,76
AM107.jpg,50
AM523.jpg,49
AF245.jpg,41
CF527.jpg,44
AF1486.jpg,76
AM1557.jpg,29
CM96.jpg,52
AF1004.jpg,58
AM1691.jpg,76
AF1992.jpg,71
CM192.jpg,48
AM1480.jpg,22
AM488.jpg,27
AM1342.jpg,40
AF53.jpg,30
AM52.jpg,25
AF1684.jpg,86
AM707.jpg,21
AM263.jpg,32
AM387.jpg,28
AM848.jpg,39
AF45.jpg,42
AM1346.jpg,39
AF1293.jpg,76
CF658.jpg,85
AM516.jpg,53
AM492.jpg,36
AM921.jpg,35
CM626.jpg,43
AM890.jpg,28
AF1543.jpg,73
AM1665.jpg,49
AF1124.jpg,64
AF1524.jpg,73
AM124.jpg,86
CF193.jpg,68
AM101.jpg,62
AM666.jpg,46
AM805.jpg,29
CM729.jpg,79
CF354.jpg,37
CM79.jpg,53
AM515.jpg,41
CM312.jpg,32
AM1074.jpg,41
CM421.jpg,44
AF1082.jpg,41
CM164.jpg,48
AF1238.jpg,55
AM694.jpg,48
AF814.jpg,48
AM1916.jpg,44
AF1152.jpg,58
AF705.jpg,36
AF1070.jpg,38
AM1948.jpg,60
CF250.jpg,41
AM1967.jpg,62
AF1973.jpg,94
CF324.jpg,35
CM362.jpg,41
AM1177.jpg,26
CF90.jpg,55
CF403.jpg,32
CF233.jpg,52
AF1566.jpg,69
AF561.jpg,77
CM305.jpg,50
CF292.jpg,39
AF1932.jpg,45
AF1017.jpg,63
CM270.jpg,48
AM943.jpg,47
CF255.jpg,29
AF1091.jpg,48
AF1845.jpg,25
AM339.jpg,36
AF923.jpg,45
CF482.jpg,45
AF18.jpg,40
AF1563.jpg,79
AM989.jpg,39
CF40.jpg,60
AM390.jpg,92
AM1745.jpg,59
CM215.jpg,43
AF1358.jpg,36
AF1016.jpg,71
AM419.jpg,40
AF506.jpg,50
AF534.jpg,36
AF327.jpg,51
CF43.jpg,33
CM191.jpg,50
CM591.jpg,50
AF910.jpg,56
AM602.jpg,44
AM60.jpg,58
CF373.jpg,36
AM1545.jpg,43
AM822.jpg,46
CM57.jpg,50
CF635.jpg,82
AF1592.jpg,87
AF1593.jpg,79
CM522.jpg,43
AF1340.jpg,73
AM1038.jpg,45
CF289.jpg,55
AF1927.jpg,80
AM251.jpg,48
CM7.jpg,84
AF657.jpg,36
AF1430.jpg,72
AF687.jpg,44
AF363.jpg,27
AF1143.jpg,25
CM394.jpg,44
AF683.jpg,47
AF1316.jpg,76
AF67.jpg,53
AM473.jpg,24
CM315.jpg,44
AM823.jpg,42
CF315.jpg,47
AM195.jpg,20
AM485.jpg,38
CM439.jpg,57
AM1586.jpg,62
AM462.jpg,37
AF606.jpg,50
AF1980.jpg,64
AM1647.jpg,58
AM1905.jpg,58
CM247.jpg,45
AM378.jpg,38
AM800.jpg,41
AM1950.jpg,56
AM279.jpg,34
AM49.jpg,75
AF1820.jpg,11
AF1151.jpg,30
AM318.jpg,65
AF759.jpg,32
CM594.jpg,74
AM756.jpg,46
CF73.jpg,36
AF65.jpg,48
CF237.jpg,55
CF429.jpg,43
AF797.jpg,45
AM1360.jpg,31
AF1589.jpg,68
AF1533.jpg,78
AM1622.jpg,59
AM213.jpg,45
CF151.jpg,43
AM990.jpg,43
CF33.jpg,61
CM578.jpg,49
AM1158.jpg,47
CM443.jpg,42
AF1505.jpg,51
CM286.jpg,48
AM1231.jpg,25
AM1364.jpg,33
AF1888.jpg,61
AM258.jpg,32
CF694.jpg,62
AF1726.jpg,83
AF232.jpg,25
AF947.jpg,59
AM1610.jpg,58
AF1841.jpg,50
CF301.jpg,69
AF875.jpg,39
AM610.jpg,49
AM1598.jpg,78
CF678.jpg,73
AM1105.jpg,34
AF1604.jpg,68
CF545.jpg,71
AF1964.jpg,81
AM1181.jpg,38
AM1762.jpg,31
CM200.jpg,65
CM398.jpg,30
AF1312.jpg,75
AM1217.jpg,48
AF167.jpg,41
CM603.jpg,50
AF1198.jpg,69
AM1350.jpg,34
AM614.jpg,54
AM1735.jpg,61
AM1811.jpg,61
AF1667.jpg,70
AM216.jpg,48
CF400.jpg,53
CM59.jpg,62
CM274.jpg,36
AF1492.jpg,63
CF30.jpg,60
CM224.jpg,49
CF302.jpg,43
AF1068.jpg,78
AM1737.jpg,73
AF1982.jpg,57
AF372.jpg,41
CF700.jpg,68
AF286.jpg,46
AF1569.jpg,74
CM294.jpg,39
AF703.jpg,38
AM1204.jpg,39
AF659.jpg,39
CM407.jpg,32
CF96.jpg,41
AF1729.jpg,54
AM1203.jpg,46
AM1066.jpg,42
AF960.jpg,36
CM11.jpg,86
AF1192.jpg,50
AF1075.jpg,73
CF474.jpg,29
AM953.jpg,49
CF485.jpg,42
AF780.jpg,52
CF559.jpg,65
CM298.jpg,39
AM1453.jpg,28
AF1128.jpg,39
AM1527.jpg,30
AF1086.jpg,67
CM339.jpg,40
AM1619.jpg,86
CM554.jpg,48
AM1493.jpg,41
AF439.jpg,45
AF1660.jpg,68
AF1525.jpg,69
AM1326.jpg,41
AM1747.jpg,49
AM685.jpg,48
AF1766.jpg,77
CF567.jpg,86
AM143.jpg,54
AF1605.jpg,62
AF1653.jpg,41
AM18.jpg,72
CF41.jpg,30
AM1438.jpg,39
AF295.jpg,29
AM1147.jpg,39
CM6.jpg,74
CM175.jpg,57
AM569.jpg,48
AF1212.jpg,72
AM391.jpg,48
AM1874.jpg,35
AM1854.jpg,74
AF207.jpg,48
CM397.jpg,43
AM1729.jpg,75
AM1496.jpg,34
CM16.jpg,74
AM709.jpg,46
AM430.jpg,48
AF944.jpg,75
CM503.jpg,53
AF527.jpg,54
AF1052.jpg,45
AM945.jpg,30
AF720.jpg,74
CM160.jpg,88
AF576.jpg,39
AF1493.jpg,56
CF323.jpg,42
CF572.jpg,66
AM113.jpg,58
AF1639.jpg,60
CM355.jpg,15
AF19.jpg,51
AF1393.jpg,65
AF1147.jpg,64
AF658.jpg,46
AF1826.jpg,77
CF226.jpg,41
AM1951.jpg,49
CM40.jpg,50
CM697.jpg,76
AF114.jpg,39
CF685.jpg,62
AM657.jpg,51
CF732.jpg,69
CM695.jpg,48
AM224.jpg,43
CM263.jpg,52
AM1961.jpg,71
AF1414.jpg,69
AM946.jpg,43
AF1193.jpg,33
AM366.jpg,30
CF311.jpg,40
AF1214.jpg,53
AF1695.jpg,83
CM213.jpg,52
AM1569.jpg,62
CF50.jpg,86
CM110.jpg,60
AM880.jpg,42
AF1591.jpg,68
CF534.jpg,44
AM808.jpg,35
CF714.jpg,83
AM913.jpg,35
AM1013.jpg,45
AF1509.jpg,18
CF598.jpg,81
AF903.jpg,52
AF1993.jpg,73
AF443.jpg,26
AM702.jpg,41
AM1776.jpg,72
AF1583.jpg,70
CM486.jpg,42
CM488.jpg,45
AM1110.jpg,41
CM700.jpg,88
AM301.jpg,41
AM730.jpg,49
CM648.jpg,81
AM1934.jpg,87
CF170.jpg,33
AM981.jpg,40
CM205.jpg,31
CM645.jpg,66
AM907.jpg,45
AF206.jpg,43
AF1568.jpg,71
AF142.jpg,30
AF1615.jpg,60
AF243.jpg,38
AF554.jpg,61
AM345.jpg,32
AF1112.jpg,81
AF364.jpg,46
CF317.jpg,48
AM757.jpg,51
AM1468.jpg,36
AF1893.jpg,53
CF260.jpg,46
AF1813.jpg,72
AM1372.jpg,38
AF1083.jpg,85
AF771.jpg,40
AM1775.jpg,86
AM1216.jpg,33
CM193.jpg,45
AF1910.jpg,67
AM1040.jpg,29
AM1820.jpg,31
AF1898.jpg,64
CM206.jpg,49
AM1719.jpg,64
CF573.jpg,82
AM743.jpg,46
CM260.jpg,58
AF1699.jpg,60
CM243.jpg,32
AF1691.jpg,58
AM1704.jpg,85
CF740.jpg,79
AM652.jpg,40
AM968.jpg,32
AF204.jpg,42
AF1825.jpg,76
AM726.jpg,46
CM396.jpg,41
AF1274.jpg,53
CF15.jpg,74
AF225.jpg,68
AF1600.jpg,51
AM162.jpg,88
AM116.jpg,73
AF1199.jpg,78
AM493.jpg,36
AM1099.jpg,46
CF478.jpg,39
CM664.jpg,70
AF39.jpg,22
AM1408.jpg,39
AM1551.jpg,37
AM722.jpg,50
AM1953.jpg,74
AF1894.jpg,86
AM1165.jpg,40
AM324.jpg,43
AF1686.jpg,66
AF1501.jpg,74
AF1009.jpg,72
AF1266.jpg,71
AM870.jpg,16
AF34.jpg,32
AM210.jpg,73
AM1707.jpg,64
CM363.jpg,31
AM1813.jpg,69
AM816.jpg,37
AM1865.jpg,55
AF1226.jpg,33
AM797.jpg,41
CM712.jpg,71
AF776.jpg,57
AM106.jpg,53
AM505.jpg,17
AM115.jpg,23
AM264.jpg,14
AM1134.jpg,46
CM129.jpg,49
AF533.jpg,46
AM1655.jpg,47
AF1669.jpg,75
CM736.jpg,76
CM668.jpg,72
AF320.jpg,34
CM390.jpg,53
AM1321.jpg,42
AM1263.jpg,37
AM3.jpg,76
AM752.jpg,34
AF1469.jpg,76
CF417.jpg,40
AF1526.jpg,80
AM392.jpg,38
AM53.jpg,72
AM467.jpg,34
AM211.jpg,28
CF444.jpg,32
AM899.jpg,42
AM1471.jpg,33
CM292.jpg,48
AM1061.jpg,42
AM459.jpg,39
AF1631.jpg,4
CF245.jpg,27
CM534.jpg,60
CF32.jpg,25
AF1378.jpg,43
AM349.jpg,43
AM656.jpg,50
AM45.jpg,82
AM664.jpg,38
AM353.jpg,39
AF380.jpg,48
CF232.jpg,66
AF1579.jpg,78
AF1001.jpg,69
AF420.jpg,61
AF551.jpg,69
AM1088.jpg,33
CF146.jpg,58
AM376.jpg,58
AF1231.jpg,75
AF863.jpg,45
AF367.jpg,41
AM718.jpg,39
AM151.jpg,76
AM1924.jpg,44
AF123.jpg,27
AM1579.jpg,82
AF1792.jpg,72
AM178.jpg,37
CF252.jpg,63
CF622.jpg,61
AM622.jpg,20
AF956.jpg,59
AF695.jpg,88
AM294.jpg,42
AF578.jpg,29
AM432.jpg,39
AF73.jpg,51
AF284.jpg,53
AF674.jpg,47
AM1523.jpg,26
CM184.jpg,39
AF1679.jpg,50
AM1129.jpg,32
AM1946.jpg,55
AF1701.jpg,59
AF512.jpg,37
AM1837.jpg,91
AM916.jpg,42
AM343.jpg,46
AF1896.jpg,54
AF547.jpg,42
AF936.jpg,38
CM706.jpg,69
AF1045.jpg,71
AF183.jpg,42
AM812.jpg,28
AM1024.jpg,54
AM930.jpg,38
CM493.jpg,47
AM100.jpg,26
AM1543.jpg,44
AF412.jpg,52
CM560.jpg,34
CM357.jpg,46
CM146.jpg,54
AM1435.jpg,43
AF1510.jpg,67
AM305.jpg,81
AM1885.jpg,81
AF1224.jpg,74
AM166.jpg,32
AF93.jpg,39
AM1972.jpg,79
CM410.jpg,46
AM351.jpg,50
CM3.jpg,80
CM745.jpg,65
AF1754.jpg,73
CM424.jpg,50
AF1439.jpg,72
AF431.jpg,49
CM471.jpg,46
AF1167.jpg,78
AF95.jpg,39
AM269.jpg,76
AM1594.jpg,63
CM308.jpg,42
CF201.jpg,50
AM456.jpg,53
CF546.jpg,65
CM388.jpg,42
AF247.jpg,47
AM1952.jpg,78
AM256.jpg,44
AM1756.jpg,65
CM256.jpg,45
AM1405.jpg,41
AM1047.jpg,86
AF1917.jpg,49
AM1643.jpg,71
CF278.jpg,46
CM319.jpg,47
AM1701.jpg,85
AM347.jpg,36
AF1073.jpg,42
AM22.jpg,93
AF331.jpg,28
AM1199.jpg,43
CF558.jpg,71
AF590.jpg,45
AM588.jpg,36
AF1334.jpg,69
CF18.jpg,85
AF1353.jpg,48
AF541.jpg,42
CF123.jpg,43
CF375.jpg,40
AM1674.jpg,81
AF322.jpg,21
AM1042.jpg,42
CM409.jpg,39
AF1985.jpg,80
CM301.jpg,29
AF1254.jpg,67
AF912.jpg,70
CM670.jpg,76
AF1955.jpg,72
CM210.jpg,39
AF1130.jpg,46
AF330.jpg,57
AF905.jpg,86
CF14.jpg,85
AF862.jpg,82
AM1135.jpg,33
CF259.jpg,49
AF1412.jpg,56
AM319.jpg,49
AF1187.jpg,70
AF1616.jpg,45
AM1250.jpg,42
AF851.jpg,32
AF1868.jpg,63
AF316.jpg,36
AM1914.jpg,60
AM1991.jpg,67
CM571.jpg,35
AM437.jpg,34
CM470.jpg,41
CM608.jpg,59
CM642.jpg,56
AM1293.jpg,40
AM190.jpg,78
AF1182.jpg,48
AF598.jpg,34
CM136.jpg,40
CF49.jpg,77
AM754.jpg,42
AM136.jpg,40
AM1028.jpg,32
AM140.jpg,53
AF1749.jpg,55
AM769.jpg,48
AM1124.jpg,29
AM1240.jpg,33
AM638.jpg,30
CM74.jpg,53
AF223.jpg,34
AM1887.jpg,83
AF972.jpg,84
AM159.jpg,29
AF1900.jpg,51
AF474.jpg,30
CM660.jpg,60
CF64.jpg,55
AF995.jpg,51
AF224.jpg,43
AF208.jpg,44
AF1074.jpg,53
CM297.jpg,43
AF524.jpg,43
AF429.jpg,37
AF1258.jpg,58
AF475.jpg,22
CM686.jpg,48
AF1396.jpg,76
CF639.jpg,82
CF620.jpg,88
CF481.jpg,36
AF31.jpg,55
AF603.jpg,83
CM123.jpg,57
CM539.jpg,50
AM995.jpg,43
AM1119.jpg,41
CF631.jpg,69
CM453.jpg,38
AF537.jpg,38
CF388.jpg,60
AM1692.jpg,88
AF594.jpg,37
AM978.jpg,42
CF287.jpg,46
AM1744.jpg,56
CM51.jpg,38
AM1141.jpg,58
AM1428.jpg,39
AF775.jpg,38
CF337.jpg,41
AM84.jpg,65
AM787.jpg,44
CM551.jpg,53
AF1470.jpg,56
CF84.jpg,41
AM1202.jpg,43
AF1614.jpg,50
AF379.jpg,38
AM1911.jpg,61
AM807.jpg,33
CF265.jpg,32
AF351.jpg,39
AF1327.jpg,53
AM1620.jpg,36
AF5.jpg,26
CF513.jpg,32
AM298.jpg,25
CM651.jpg,70
CF655.jpg,71
AM1239.jpg,41
AM1421.jpg,47
AF517.jpg,33
AF1382.jpg,76
CM385.jpg,47
CM4.jpg,83
AF618.jpg,50
AM927.jpg,43
AM266.jpg,48
AM369.jpg,46
AM1618.jpg,72
CM345.jpg,38
AM1963.jpg,86
AF865.jpg,36
AM261.jpg,43
AF1515.jpg,70
AF1755.jpg,78
AM857.jpg,44
AF604.jpg,46
AF230.jpg,43
CM644.jpg,78
AM322.jpg,81
AF25.jpg,20
AF1744.jpg,51
AM183.jpg,50
AM1255.jpg,34
AF1979.jpg,40
AM1424.jpg,45
AF1181.jpg,38
AF302.jpg,46
AF408.jpg,53
AF946.jpg,63
CF421.jpg,55
CF661.jpg,80
AF651.jpg,42
AF333.jpg,41
CM552.jpg,43
CM133.jpg,46
AF1554.jpg,81
CM719.jpg,74
AM827.jpg,46
AF169.jpg,34
AF785.jpg,42
AF20.jpg,44
AF1444.jpg,78
AF593.jpg,70
CM179.jpg,45
CF221.jpg,41
AM1198.jpg,40
AF662.jpg,49
AM612.jpg,45
AM1233.jpg,41
AM1727.jpg,47
CM543.jpg,33
AM944.jpg,20
AF809.jpg,46
AM1633.jpg,54
AM1540.jpg,45
AF120.jpg,35
AF770.jpg,65
AF311.jpg,39
AM466.jpg,44
AM1518.jpg,48
AF277.jpg,41
AF691.jpg,38
AF202.jpg,42
AF1561.jpg,74
AF526.jpg,53
AM1151.jpg,40
AF1324.jpg,76
CF533.jpg,39
AM1189.jpg,36
AF399.jpg,29
AF1172.jpg,73
AF143.jpg,20
CF44.jpg,41
AM884.jpg,43
AF365.jpg,24
AM1638.jpg,80
CM733.jpg,61
CF592.jpg,67
AM732.jpg,30
CM2.jpg,68
AF418.jpg,44
AM1484.jpg,39
AM1097.jpg,31
AF478.jpg,49
AF1287.jpg,58
AF352.jpg,30
AF1465.jpg,76
CM316.jpg,43
AF1666.jpg,62
AM1868.jpg,81
AF1402.jpg,71
AF794.jpg,56
CF16.jpg,67
AF468.jpg,43
AM874.jpg,33
AM214.jpg,37
AF852.jpg,46
AM1103.jpg,53
AM335.jpg,45
AM498.jpg,41
AF652.jpg,41
AF358.jpg,52
CM72.jpg,77
CF122.jpg,54
CM592.jpg,56
AM715.jpg,41
CF76.jpg,25
AM1962.jpg,78
AF1926.jpg,65
CM148.jpg,63
AM528.jpg,48
CF172.jpg,55
CM519.jpg,42
AM665.jpg,38
AF625.jpg,53
CM239.jpg,57
CF487.jpg,29
AM1929.jpg,80
AM1389.jpg,45
AM291.jpg,40
AM1328.jpg,36
AM281.jpg,32
AF1534.jpg,80
AF528.jpg,48
AF1262.jpg,70
CM569.jpg,50
AM1401.jpg,36
CF47.jpg,49
AF1704.jpg,30
AM1695.jpg,52
CF663.jpg,67
CF231.jpg,43
CF690.jpg,68
AM572.jpg,47
AF272.jpg,60
AF589.jpg,40
AF693.jpg,45
AM1501.jpg,42
CM468.jpg,48
AF464.jpg,58
CM180.jpg,52
CM540.jpg,53
AM1985.jpg,30
AM1915.jpg,50
AF1229.jpg,48
AF620.jpg,38
CF223.jpg,38
AM1542.jpg,47
CF191.jpg,32
AF1399.jpg,55
AF152.jpg,43
AM1680.jpg,59
AM595.jpg,49
AM1805.jpg,67
AM1444.jpg,32
AM1901.jpg,41
AF712.jpg,41
AF133.jpg,46
CF719.jpg,90
CM221.jpg,52
AF1668.jpg,77
AM966.jpg,48
CF749.jpg,78
CM330.jpg,45
AM887.jpg,35
AM248.jpg,79
AF1721.jpg,49
CM524.jpg,30
AM361.jpg,42
AM1404.jpg,48
AM94.jpg,58
AM1800.jpg,77
AF1832.jpg,77
AF1528.jpg,60
AF872.jpg,83
AF699.jpg,57
CM25.jpg,49
AF864.jpg,42
AM286.jpg,24
CM8.jpg,37
AM545.jpg,34
AM362.jpg,38
AF765.jpg,41
AM38.jpg,53
AM1357.jpg,40
CM479.jpg,31
AM221.jpg,35
AF630.jpg,70
AM1368.jpg,43
AF1606.jpg,55
AM605.jpg,35
CM666.jpg,79
AF902.jpg,62
AF1651.jpg,21
AM949.jpg,48
CM426.jpg,52
CM673.jpg,81
AF525.jpg,33
AM96.jpg,34
AM1759.jpg,76
AF1269.jpg,62
AM1245.jpg,43
AF1573.jpg,65
AF1480.jpg,44
AF1750.jpg,20
AM1325.jpg,32
AM1304.jpg,35
AM422.jpg,38
AM312.jpg,56
AM1608.jpg,82
CF544.jpg,65
AF332.jpg,36
AF1951.jpg,48
AM1966.jpg,70
CF425.jpg,42
CF605.jpg,68
AM35.jpg,54
AF979.jpg,35
CM364.jpg,65
AM42.jpg,65
CM393.jpg,50
CF34.jpg,86
AM1451.jpg,35
AM31.jpg,72
AM1580.jpg,76
AM1987.jpg,74
AM1205.jpg,40
AF878.jpg,44
AM1175.jpg,44
CM327.jpg,41
CF63.jpg,35
CF361.jpg,44
CF128.jpg,44
CM115.jpg,47
CF699.jpg,69
AF1574.jpg,69
CF168.jpg,48
CM350.jpg,34
CM498.jpg,37
AM1060.jpg,27
AF1189.jpg,44
AF1807.jpg,43
AF884.jpg,37
AM1367.jpg,36
CF145.jpg,27
AF808.jpg,28
AF1876.jpg,47
AM340.jpg,43
AM1730.jpg,61
AM1288.jpg,25
CM458.jpg,40
AM475.jpg,42
CM545.jpg,34
AM414.jpg,46
CM34.jpg,24
CF192.jpg,52
AM1423.jpg,34
AM1268.jpg,37
AM817.jpg,26
AM384.jpg,55
CF564.jpg,72
CM94.jpg,43
AF88.jpg,36
CM730.jpg,64
AM720.jpg,47
CM188.jpg,49
AF650.jpg,37
AM1387.jpg,27
AF146.jpg,48
AF236.jpg,73
CF680.jpg,73
CF638.jpg,69
AM121.jpg,39
AM1162.jpg,78
AM1858.jpg,71
AM573.jpg,29
CM196.jpg,50
AM229.jpg,41
AM598.jpg,40
AM961.jpg,48
CF580.jpg,82
CM404.jpg,39
CF744.jpg,82
AM409.jpg,40
AF1884.jpg,44
AF518.jpg,29
CF348.jpg,20
CM587.jpg,19
AF798.jpg,79
AF1587.jpg,64
AM1628.jpg,72
AF1784.jpg,52
AM1084.jpg,37
AF360.jpg,34
AF1475.jpg,18
AF309.jpg,55
AF1776.jpg,56
AF1250.jpg,36
CF498.jpg,43
AM713.jpg,37
AM1316.jpg,34
CF596.jpg,83
AF275.jpg,41
AF989.jpg,38
AF952.jpg,57
AM693.jpg,47
CM558.jpg,36
AF1363.jpg,49
CF139.jpg,34
CF360.jpg,33
CM75.jpg,38
CM572.jpg,65
CM229.jpg,41
CF412.jpg,30
AM1531.jpg,47
AF835.jpg,45
AF488.jpg,58
CF1.jpg,78
CM714.jpg,77
AM455.jpg,61
CF143.jpg,68
CM607.jpg,41
CF144.jpg,40
AF1560.jpg,75
AF329.jpg,54
AM1266.jpg,54
AM1433.jpg,43
AM1169.jpg,32
AM425.jpg,43
AF1094.jpg,77
CM271.jpg,42
CF615.jpg,72
AM967.jpg,54
CF724.jpg,61
AF744.jpg,35
AF1953.jpg,34
AF1674.jpg,77
AF374.jpg,33
CF216.jpg,41
AF1939.jpg,61
AM561.jpg,46
AF1108.jpg,22
AM751.jpg,39
AM1413.jpg,46
CF266.jpg,47
CM237.jpg,46
CM113.jpg,45
AM1752.jpg,73
AF126.jpg,44
AF394.jpg,41
CM182.jpg,42
AM1279.jpg,47
CM9.jpg,74
AF384.jpg,27
CF272.jpg,50
AM204.jpg,28
AM952.jpg,32
AM950.jpg,39
AM1935.jpg,83
CM641.jpg,79
AM1419.jpg,21
AM1307.jpg,41
AF1925.jpg,59
CM402.jpg,45
AF1059.jpg,51
CM86.jpg,48
AM1473.jpg,17
CM476.jpg,43
AF416.jpg,39
AF476.jpg,74
AF1079.jpg,50
AF205.jpg,63
AM288.jpg,31
CM360.jpg,61
CM463.jpg,44
AM314.jpg,48
AF1008.jpg,45
AM883.jpg,33
AM706.jpg,45
AF77.jpg,42
AF1171.jpg,82
AF1331.jpg,73
AF897.jpg,85
AF629.jpg,47
AM1121.jpg,40
AF1348.jpg,73
CF109.jpg,34
AF255.jpg,20
CM536.jpg,32
CM606.jpg,58
CF299.jpg,69
AM315.jpg,50
CF222.jpg,45
AM996.jpg,27
AF376.jpg,42
CF395.jpg,48
AF1191.jpg,81
AM964.jpg,32
CF366.jpg,43
CF134.jpg,41
CM741.jpg,51
CM747.jpg,72
AF303.jpg,48
AM1391.jpg,37
AM1975.jpg,86
CM581.jpg,42
AF869.jpg,73
AF595.jpg,33
AM1884.jpg,70
CF9.jpg,64
AM370.jpg,40
AM865.jpg,43
AF894.jpg,55
AF490.jpg,33
AF125.jpg,47
AM863.jpg,64
CF282.jpg,51
AM1513.jpg,34
AF1234.jpg,56
CF542.jpg,48
AF1758.jpg,48
AF1906.jpg,54
CF17.jpg,74
CF75.jpg,32
AF993.jpg,42
AF1603.jpg,74
AF612.jpg,33
AM1547.jpg,32
AM1723.jpg,82
AM58.jpg,36
AM196.jpg,42
CM663.jpg,87
AM1184.jpg,51
AF217.jpg,33
AF986.jpg,30
AF291.jpg,32
AF87.jpg,34
AM902.jpg,48
CF692.jpg,83
AM1087.jpg,26
AM1636.jpg,83
AM356.jpg,42
AF821.jpg,23
AM1075.jpg,41
AF312.jpg,32
CF473.jpg,53
AM321.jpg,73
CF716.jpg,61
AM1832.jpg,65
AF486.jpg,36
CM702.jpg,60
AF1483.jpg,39
CF351.jpg,33
CF670.jpg,88
CF329.jpg,48
CF610.jpg,83
AM1148.jpg,41
CM181.jpg,50
CM460.jpg,60
AM1517.jpg,35
AF1036.jpg,44
CM521.jpg,65
AF1155.jpg,45
CF312.jpg,41
AF1161.jpg,27
CF624.jpg,73
AF1227.jpg,61
AF450.jpg,53
CM546.jpg,54
CF528.jpg,41
CM122.jpg,39
AF477.jpg,57
AF1221.jpg,80
AF586.jpg,78
AF288.jpg,38
AM1467.jpg,50
AF1434.jpg,66
AM1558.jpg,24
AM1900.jpg,60
CF671.jpg,70
AF927.jpg,55
AM680.jpg,36
CM232.jpg,44
AM1145.jpg,81
CM548.jpg,39
AF521.jpg,48
CM155.jpg,39
CF294.jpg,42
AF935.jpg,48
CF597.jpg,87
CM264.jpg,39
AM355.jpg,42
CF496.jpg,22
CF137.jpg,49
AF1945.jpg,52
AM1228.jpg,35
CF741.jpg,64
AF1462.jpg,74
AF239.jpg,47
AF411.jpg,36
AF1904.jpg,72
AF1373.jpg,45
AF1972.jpg,77
AM1442.jpg,37
AF1375.jpg,60
AM712.jpg,31
AM894.jpg,43
CM348.jpg,40
CF230.jpg,45
AM1498.jpg,52
AM1772.jpg,60
CM230.jpg,35
AF184.jpg,55
AF1811.jpg,58
AF138.jpg,36
AM1002.jpg,24
AF111.jpg,44
AF615.jpg,42
CF68.jpg,65
CF121.jpg,27
AM1670.jpg,47
AF1662.jpg,56
AF1201.jpg,58
AF503.jpg,84
CF214.jpg,36
AM1064.jpg,79
AM1554.jpg,43
CF111.jpg,50
AF1326.jpg,65
AF336.jpg,42
CF653.jpg,86
AM180.jpg,41
CF35.jpg,40
CF85.jpg,49
AF1314.jpg,44
AM939.jpg,43
AM1335.jpg,46
AM451.jpg,42
CM1.jpg,53
CF332.jpg,44
AM1450.jpg,42
AF1298.jpg,70
AM889.jpg,28
AM227.jpg,36
AM1492.jpg,45
CM384.jpg,52
AM1057.jpg,34
AM336.jpg,42
AM1397.jpg,47
AM1917.jpg,37
CF488.jpg,48
CF519.jpg,41
AM1299.jpg,41
AM1814.jpg,36
AF1833.jpg,64
CF702.jpg,88
AF836.jpg,75
AF14.jpg,19
AF1351.jpg,37
AF179.jpg,27
AM1055.jpg,38
AM661.jpg,36
AM1111.jpg,31
AM1348.jpg,34
AF638.jpg,36
CM233.jpg,50
AF710.jpg,24
AM1956.jpg,74
AF246.jpg,55
CM36.jpg,38
AM546.jpg,43
CF679.jpg,74
CF190.jpg,36
CM39.jpg,41
CF574.jpg,73
CF306.jpg,42
AM1193.jpg,47
CM368.jpg,47
AF1687.jpg,69
CF384.jpg,42
CF150.jpg,65
AF754.jpg,34
CM109.jpg,62
AM1626.jpg,78
AF1458.jpg,71
AF1723.jpg,77
AF690.jpg,64
CF227.jpg,41
CM14.jpg,47
AM77.jpg,80
AM1226.jpg,46
CM178.jpg,37
CF71.jpg,48
AF1409.jpg,63
AF520.jpg,18
AF1802.jpg,72
AM575.jpg,48
AF1756.jpg,75
CM117.jpg,39
AM99.jpg,65
CM662.jpg,63
AM1358.jpg,47
AM439.jpg,43
AF1873.jpg,17
AM411.jpg,46
AM1210.jpg,34
AF587.jpg,20
CF344.jpg,58
AF870.jpg,41
AF1852.jpg,71
AM888.jpg,39
AM1007.jpg,34
CF115.jpg,44
AF1307.jpg,46
AF1296.jpg,49
AM1843.jpg,62
CM87.jpg,48
CM619.jpg,39
CM238.jpg,53
AF608.jpg,34
AM1810.jpg,39
CF397.jpg,47
CF733.jpg,50
AF697.jpg,61
CF621.jpg,74
AM160.jpg,80
AF1065.jpg,72
AM1801.jpg,86
AM313.jpg,36
AM1998.jpg,57
AF1418.jpg,50
CM353.jpg,54
AF1808.jpg,70
AM142.jpg,53
AF724.jpg,82
AM917.jpg,46
AM908.jpg,35
AM611.jpg,49
AF79.jpg,45
AF27.jpg,42
CM88.jpg,45
AM250.jpg,46
CF270.jpg,59
AM1289.jpg,42
AM1292.jpg,46
CM737.jpg,75
AM589.jpg,32
AF1058.jpg,70
AF1682.jpg,72
AM1718.jpg,73
AF1107.jpg,81
CF739.jpg,67
CF117.jpg,25
AM241.jpg,65
AF440.jpg,40
CF442.jpg,39
AF1284.jpg,60
AF1912.jpg,76
AF1724.jpg,68
AF1095.jpg,42
AF1914.jpg,74
AM32.jpg,67
CM197.jpg,35
CF449.jpg,41
AF1376.jpg,63
AF592.jpg,88
CM462.jpg,51
CM513.jpg,35
AF1908.jpg,76
AM1550.jpg,47
AM833.jpg,32
AM813.jpg,70
AF1178.jpg,75
AM872.jpg,28
AF388.jpg,16
CM83.jpg,33
CM201.jpg,58
AF417.jpg,49
AM1495.jpg,43
CM13.jpg,79
AF1537.jpg,66
AM1400.jpg,48
AM170.jpg,38
AM1491.jpg,41
AF929.jpg,70
AM1899.jpg,42
AM219.jpg,38
CM22.jpg,79
CF451.jpg,46
AF341.jpg,38
AM986.jpg,30
CF630.jpg,76
AF860.jpg,70
AF1425.jpg,62
AF1931.jpg,22
AF553.jpg,49
AF729.jpg,42
AF1479.jpg,73
AF1354.jpg,58
AF1360.jpg,72
AF264.jpg,40
AF424.jpg,41
CF721.jpg,74
AF1048.jpg,54
AM1252.jpg,31
AM85.jpg,25
CM29.jpg,21
AF396.jpg,26
AF532.jpg,29
AM316.jpg,43
AM478.jpg,39
AM1590.jpg,73
AM532.jpg,46
AM1349.jpg,43
AF1190.jpg,42
AF1585.jpg,69
AF613.jpg,28
AM1693.jpg,82
AM1530.jpg,41
AM1741.jpg,69
AM352.jpg,49
AM1178.jpg,29
CF517.jpg,24
AM594.jpg,31
AM826.jpg,38
AF1731.jpg,62
AF543.jpg,38
AM1487.jpg,37
CF392.jpg,55
AF1663.jpg,64
AF779.jpg,71
AM1613.jpg,81
AF398.jpg,77
AF441.jpg,50
AF266.jpg,36
AF1235.jpg,39
AM1253.jpg,38
AF75.jpg,33
AM1098.jpg,57
AF1772.jpg,63
AM931.jpg,44
AM1736.jpg,74
CM532.jpg,39
AM956.jpg,35
CF566.jpg,86
AF753.jpg,76
AM818.jpg,45
CF286.jpg,40
AF1081.jpg,48
CF156.jpg,50
AM947.jpg,26
CM106.jpg,54
AM760.jpg,34
CM48.jpg,29
AF1451.jpg,77
AM239.jpg,34
AM253.jpg,57
AF1138.jpg,34
AM600.jpg,36
AM621.jpg,49
AM413.jpg,57
AF1728.jpg,68
AF627.jpg,39
AF899.jpg,41
CF3.jpg,82
AF304.jpg,24
AM582.jpg,53
CM296.jpg,26
AM117.jpg,78
AF1805.jpg,63
CF459.jpg,41
AF41.jpg,81
AM781.jpg,47
AF1690.jpg,67
CM214.jpg,47
AF345.jpg,13
CF164.jpg,39
CM602.jpg,60
AF1779.jpg,67
AF1949.jpg,76
AF1022.jpg,69
AM897.jpg,39
AM632.jpg,45
CF557.jpg,63
CF484.jpg,48
AM849.jpg,36
AF160.jpg,25
CM313.jpg,41
CM32.jpg,28
AM1877.jpg,76
AF969.jpg,70
AF881.jpg,76
AF1703.jpg,76
AF1933.jpg,53
AF813.jpg,54
CM430.jpg,38
AF896.jpg,51
AM1062.jpg,43
CM391.jpg,42
AM593.jpg,34
CF358.jpg,53
AF338.jpg,53
AM1919.jpg,47
AF788.jpg,10
AM1705.jpg,61
CF476.jpg,46
AF937.jpg,47
AF626.jpg,41
AF680.jpg,29
AF1864.jpg,74
AF51.jpg,34
AM631.jpg,48
CF556.jpg,89
CM448.jpg,55
AM21.jpg,76
AM242.jpg,29
CF125.jpg,69
AM1254.jpg,37
AF188.jpg,48
AM1039.jpg,53
AF639.jpg,80
AF145.jpg,48
AM1059.jpg,26
AM1067.jpg,29
CF206.jpg,29
AF83.jpg,43
AM540.jpg,48
AM445.jpg,36
AM26.jpg,25
CF20.jpg,59
AM1835.jpg,66
AF1088.jpg,72
CM671.jpg,86
AM1753.jpg,62
AF35.jpg,45
AF1055.jpg,62
AM977.jpg,22
AF9.jpg,29
AM1988.jpg,83
AF758.jpg,69
AM635.jpg,43
CF209.jpg,52
AM1524.jpg,46
AF1835.jpg,51
AM1506.jpg,41
AM1436.jpg,46
AF1304.jpg,34
AM795.jpg,25
CF363.jpg,52
AF500.jpg,34
AM371.jpg,43
AM246.jpg,46
AM1957.jpg,87
AF1169.jpg,65
AM867.jpg,63
AM401.jpg,37
CF176.jpg,44
CM337.jpg,55
AF306.jpg,49
AM489.jpg,32
AM1605.jpg,89
AM1449.jpg,36
AM577.jpg,45
AM648.jpg,40
AF564.jpg,50
AM1976.jpg,57
CF435.jpg,46
AM134.jpg,75
CM598.jpg,53
AF1388.jpg,79
AF129.jpg,53
AM1528.jpg,26
AM457.jpg,41
AM1109.jpg,29
AM472.jpg,47
AF1368.jpg,53
CF649.jpg,67
CM711.jpg,84
AF227.jpg,40
AF702.jpg,58
AM793.jpg,47
CM699.jpg,69
AM417.jpg,50
AF1788.jpg,77
AF1300.jpg,41
CF407.jpg,41
AF1337.jpg,37
CM553.jpg,43
AF924.jpg,53
AF1562.jpg,60
AM1791.jpg,32
CM514.jpg,37
CM220.jpg,47
AF1370.jpg,67
AM1410.jpg,40
CF325.jpg,52
AM1555.jpg,47
AF1555.jpg,55
AF1635.jpg,70
AF1935.jpg,11
AF976.jpg,83
AF85.jpg,45
AF378.jpg,49
AF837.jpg,34
AF135.jpg,48
AM1611.jpg,87
AF1886.jpg,46
AM1161.jpg,42
AM772.jpg,32
AM1685.jpg,78
CF174.jpg,52
AF86.jpg,34
CF436.jpg,55
AF172.jpg,35
AF30.jpg,53
AF265.jpg,22
CM442.jpg,45
AF381.jpg,47
AF1056.jpg,81
AM287.jpg,36
AF569.jpg,68
AF1652.jpg,77
CM284.jpg,41
AM1267.jpg,31
AF838.jpg,81
AM1702.jpg,63
AM1732.jpg,74
AM71.jpg,65
CF633.jpg,75
AF84.jpg,46
AF1506.jpg,64
AM775.jpg,41
CM293.jpg,36
AM382.jpg,37
AF109.jpg,34
AF226.jpg,29
AF1240.jpg,43
AM1853.jpg,69
AF1449.jpg,72
AF1474.jpg,76
AF148.jpg,24
AM909.jpg,39
AM491.jpg,36
AF1858.jpg,60
AF1116.jpg,76
AM1212.jpg,37
AF1319.jpg,79
AM182.jpg,44
AF1208.jpg,83
CM168.jpg,41
AF919.jpg,42
AM740.jpg,43
AF346.jpg,36
AF1977.jpg,86
CM111.jpg,50
AF1621.jpg,64
CF249.jpg,46
AF1135.jpg,60
AF1584.jpg,71
CF4.jpg,77
AF1369.jpg,38
AM1777.jpg,68
AF1966.jpg,70
CM505.jpg,28
AF1090.jpg,74
AM363.jpg,37
AF297.jpg,83
AM1715.jpg,54
AF1535.jpg,56
AM963.jpg,53
AF1437.jpg,83
AM205.jpg,81
CF599.jpg,72
CM358.jpg,39
AF706.jpg,24
AM1390.jpg,34
AM1238.jpg,46
AM465.jpg,19
AF1035.jpg,63
CM609.jpg,43
AF175.jpg,50
CM672.jpg,74
AM1020.jpg,74
AF1519.jpg,74
AM1104.jpg,25
AM81.jpg,74
AM296.jpg,25
AM1597.jpg,83
AM959.jpg,28
AF789.jpg,14
AF856.jpg,56
AF1850.jpg,70
AF1940.jpg,42
AF803.jpg,46
CM465.jpg,48
AM941.jpg,36
AF938.jpg,66
AF26.jpg,32
AF549.jpg,30
AF1499.jpg,62
CF256.jpg,34
AF1362.jpg,76
CF290.jpg,44
AF50.jpg,40
AF1892.jpg,68
AF573.jpg,43
AM1362.jpg,41
CM20.jpg,74
CF547.jpg,65
CF418.jpg,40
CM373.jpg,50
AF137.jpg,43
AF180.jpg,46
AF1775.jpg,74
AM1802.jpg,85
AF444.jpg,55
CF79.jpg,44
CM746.jpg,83
CF568.jpg,84
AM7.jpg,57
AF778.jpg,46
CM659.jpg,80
AF432.jpg,51
AF1522.jpg,26
CM44.jpg,56
AM1494.jpg,43
AF1768.jpg,18
CF154.jpg,33
AF445.jpg,30
CF582.jpg,81
AF1804.jpg,67
AF410.jpg,32
AM695.jpg,43
CF77.jpg,55
CF742.jpg,83
CM321.jpg,44
AF889.jpg,40
AM272.jpg,38
AF861.jpg,54
AM1797.jpg,59
AM734.jpg,33
AF66.jpg,26
AF1407.jpg,57
AF1818.jpg,57
AF1295.jpg,77
AF1511.jpg,72
CF448.jpg,58
CM140.jpg,47
AF1014.jpg,83
AM172.jpg,47
AF1359.jpg,73
AF112.jpg,42
AM1244.jpg,33
AF1844.jpg,89
AM405.jpg,50
AM1890.jpg,55
AF756.jpg,9
CM344.jpg,53
CF738.jpg,75
AF1952.jpg,51
AF1717.jpg,72
AF1365.jpg,87
AF1707.jpg,53
CM646.jpg,76
CF656.jpg,62
CF677.jpg,72
AF1156.jpg,80
AM1478.jpg,33
AF248.jpg,22
AM1323.jpg,49
AM1025.jpg,39
AF1104.jpg,79
AF793.jpg,47
AM6.jpg,81
CM567.jpg,47
AF975.jpg,37
AF48.jpg,33
AM789.jpg,35
AF1915.jpg,62
AF1681.jpg,43
AF1219.jpg,55
AF579.jpg,39
CM131.jpg,32
AM1721.jpg,69
AM1248.jpg,38
AM563.jpg,48
AF166.jpg,43
AF1795.jpg,58
AF132.jpg,32
CM413.jpg,50
CM616.jpg,55
CM73.jpg,69
AF760.jpg,42
AF546.jpg,23
AM558.jpg,45
AF805.jpg,37
AF271.jpg,56
AM1535.jpg,27
